xs_name,age,s1,s102,s103,s104,s105,s107,s109,s110,s111,s112,s113,s114,s115,s116,s118,s119,s12,s121,s122,s123,s124,s125,s126,s127,s128,s129,s13,s130,s131,s132,s133,s134,s135,s136,s138,s139,s14,s140,s141,s142,s143,s145,s146,s148,s15,s151,s152,s153,s154,s155,s156,s157,s158,s159,s161,s162,s21,s22,s23991,s23992,s23993,s23994,s27,s28,s3,s30,s31,s32,s38,s39,s4,s42,s43,s44,s46,s47,s48,s49,s50,s51,s52,s53,s55991,s55992,s61,s62,s66,s69,s7,s70,s71,s72,s74,s75,s76,s77,s78,s79,s8,s80,s81,s82991,s84,s86,s87,s88,s88881,s88882,s88883,s88884,s9,s93,s94,s95,s97,s99991,s999910,s9999100,s9999101,s9999102,s9999103,s9999104,s9999105,s9999106,s9999107,s9999108,s9999109,s999911,s9999110,s9999111,s9999112,s9999113,s9999114,s9999115,s9999116,s9999117,s9999118,s9999119,s999912,s9999120,s9999121,s9999122,s9999123,s9999124,s9999125,s9999126,s9999127,s9999128,s9999129,s999913,s9999130,s9999131,s9999132,s9999133,s9999134,s9999135,s9999136,s9999137,s9999138,s9999139,s999914,s9999140,s9999141,s9999142,s9999143,s9999144,s9999145,s9999146,s9999147,s9999148,s9999149,s999915,s9999150,s9999151,s9999152,s9999153,s9999154,s9999155,s9999156,s9999157,s9999158,s9999159,s999916,s9999160,s9999161,s9999162,s9999163,s9999164,s9999165,s9999166,s9999167,s9999168,s9999169,s999917,s9999170,s9999171,s999918,s999919,s99992,s999920,s999921,s999922,s999923,s999924,s999925,s999926,s999927,s999928,s999929,s99993,s999930,s999931,s999932,s999933,s999934,s999935,s999936,s999937,s999938,s999939,s99994,s999940,s999941,s999942,s999943,s999944,s999945,s999946,s999947,s999948,s999949,s99995,s999950,s999951,s999952,s999953,s999954,s999955,s999956,s999957,s999958,s999959,s99996,s999960,s999961,s999962,s999963,s999964,s999965,s999966,s999967,s999968,s999969,s99997,s999970,s999971,s999972,s999973,s999974,s999975,s999976,s999977,s999978,s999979,s99998,s999980,s999981,s999982,s999983,s999984,s999985,s999986,s999987,s999988,s999989,s99999,s999990,s999991,s999992,s999993,s999994,s999995,s999996,s999997,s999998,s999999,sex,s10,s100,s101,s106,s11,s120,s137,s147,s149,s150991,s150992,s16,s17,s18991,s18992,s19991,s19992,s2,s20,s29,s33,s34,s35,s36991,s36992,s37,s40,s41,s45,s5,s54,s56991,s56992,s56993,s56994,s58,s59,s6,s60,s63,s64991,s64992,s67,s68,s73,s85,s89,s90,s91,s92,s96,s98,s99
cause1,-0.6939144,0.0,0.0,0.0,0.0,0.0,0.7700881,0.0,0.0,2.068933,0.0,0.0,0.0,0.0,0.0,0.0,0.0,0.0,0.0,0.0,0.0,0.0,0.0,0.0,0.0,0.0,0.0,5.380189,0.0,0.0,0.0,0.0,0.0,0.0,0.0,0.0,0.5577604,16.69882,0.0,0.0,0.0,0.0,0.0,0.0,0.0,0.3393047,0.9599874,0.0,0.0,0.0,0.0,0.0,0.8741155,0.0,0.0,0.0,0.0,2.556986,2.629508,1.646297,1.734471,1.699536,2.466542,0.0,0.0,1.956284,0.0,0.0,0.0,0.4743701,0.9621315,0.9797664,0.0,0.0,0.0,1.576947,0.0,0.0,0.9690539,1.200536,0.9254421,0.8054886,0.0,0.0,0.0,0.557638,1.594567,1.67251,0.0,0.0,0.0,0.0,0.4704764,0.0,0.0,0.8885974,0.8009282,1.188469,1.486909,0.0,0.0,0.401325,0.0,0.0,0.0,0.0,0.0,0.0,3.4789,-0.5662913,-0.7932584,-0.2972799,1.771583,0.4212791,0.0,0.7355062,0.0,0.0,0.0,0.0,0.0,0.0,0.0,0.0,0.0,0.0,0.0,0.0,0.0,0.0,0.0,0.0,0.0,0.0,0.0,0.0,0.0,0.0,0.0,0.0,0.0,0.0,0.9404966,0.0,0.0,0.0,0.0,0.0,0.0,0.0,0.0,0.0,0.0,0.0,0.0,0.7025144,0.0,0.0,0.0,0.0,0.0,0.0,0.0,0.0,0.0,0.0,0.0,0.0,0.0,0.0,0.0,0.0,0.0,0.0,0.0,0.0,0.8728571,0.0,0.0,0.0,0.6594228,0.0,0.0,0.0,0.0,-0.5033607,0.0,0.0,0.0,45.326,0.0,-0.7486235,0.0,0.0,0.0,0.0,0.0,0.0,0.0,0.0,0.0,0.0,0.0,0.7816291,0.0,0.0,0.0,0.0,0.0,0.0,0.0,0.0,0.0,0.0,0.0,0.0,0.6294542,0.0,0.0,0.0,0.0,0.0,0.0,0.0,0.0,0.0,0.0,0.0,0.0,0.0,0.0,0.0,0.0,0.0,0.0,0.0,0.0,0.0,0.0,0.0,0.0,0.0,0.0,0.0,-0.473975,0.0,0.0,0.0,0.0,0.0,0.0,0.0,0.0,1.10659,0.0,0.0,0.0,0.0,0.0,0.0,0.0,0.0,1.031087,1.539496,0.0,0.0,0.0,0.0,0.0,0.0,37.70868,0.0,0.0,0.0,0.0,0.964976,0.0,0.0,0.0,0.0,0.0,0.0,0.0,0.0,1.084767,0.0,0.0,-0.6766974,-0.3842329,0.0,0.0,0.0,0.0,-0.4122813,0.0,0.0,0.9212563,0.0,0.6968593,1.176588,1.475914,0.0,1.523779,0.9004028,0.906145,0.0,1.199003,1.103919,0.0,0.893091,0.716774,0.0,0.778441,0.4225533,0.0,0.0,0.0,0.0,0.3263543,0.0,0.0,0.0,0.0,0.0,0.7600344,0.5219685,0.0,0.8398603,0.610833,0.0,1.951979,0.4370887,0.5195839,0.0,1.186242,2.002418,1.029262,0.8565463,0.0,0.0,0.0
cause2,-0.5662716,0.0,0.0,0.0,0.0,0.0,0.0,0.0,0.0,0.0,0.0,0.0,0.0,0.0,0.0,0.0,0.0,0.0,0.0,0.0,0.0,1.501144,0.0,2.00579,0.0,0.0,0.0,13.80328,0.0,0.0,0.0,0.0,0.0,0.0,0.0,0.0,0.0,15.30254,0.0,0.0,0.0,0.0,0.0,0.0,0.0,0.6156372,0.0,0.0,0.0,0.0,0.0,0.0,0.0,-0.3221005,-0.5663776,0.0,0.0,1.84988,2.164491,0.0,0.0,0.0,0.0,0.0,0.0,0.0,1.580431,0.0,0.0,0.0,0.0,1.632223,-1.064598,-0.9704005,-1.267088,0.0,0.0,0.0,1.441628,2.157876,2.054778,1.24541,0.0,-0.8492535,0.8066281,1.535233,3.707373,1.74272,0.0,0.0,0.0,0.0,0.7654467,0.0,0.0,0.826097,0.7985429,0.0,1.75235,0.0,0.0,0.6622048,0.0,-0.5125462,-0.6358814,0.0,0.0,0.0,2.575804,-0.4793239,-0.6191984,0.0,0.0,0.0,0.0,0.0,-0.8105968,0.0,0.0,0.0,0.0,0.0,0.0,0.0,0.0,0.0,0.0,0.0,0.0,0.0,0.0,0.0,0.0,0.0,0.0,0.0,0.0,0.0,-0.6014646,0.0,-0.6529285,0.0,0.0,0.0,0.0,0.0,0.0,0.0,0.0,0.0,0.0,0.0,-0.5620074,0.0,0.0,0.0,0.0,0.0,0.0,0.0,0.0,0.0,0.0,-0.8223922,0.0,0.0,0.0,0.0,0.0,-0.4073891,0.0,-0.6708192,0.0,0.0,0.0,0.0,0.0,0.0,-0.312384,0.0,0.0,0.0,0.0,0.0,-0.5584235,0.0,0.0,0.0,0.0,0.0,-0.5402871,0.0,0.0,-0.8607944,0.0,0.0,0.0,0.0,0.0,-0.4695,0.0,0.0,0.0,0.0,0.0,0.0,0.0,0.0,0.0,0.0,0.0,0.0,0.0,0.0,0.0,0.0,1.229513,0.0,0.0,0.0,0.0,0.0,0.0,0.0,0.0,-0.5611724,-0.946339,0.0,0.0,0.0,0.0,0.0,0.0,-0.7246437,0.0,0.0,0.0,0.0,0.0,0.0,0.0,0.0,0.0,0.0,-0.473975,0.0,0.0,0.0,0.0,0.0,0.0,0.0,-0.9790983,0.0,0.0,0.0,0.0,0.0,-0.6339667,0.0,0.0,0.0,0.0,0.0,0.0,0.0,0.0,0.0,0.0,0.0,26.05643,0.0,0.0,0.0,0.0,0.0,0.0,0.0,0.0,0.0,0.0,0.0,0.0,0.0,0.0,0.0,0.0,1.055095,-0.5217135,0.0,0.0,0.0,-0.4533716,-0.3477083,0.0,0.0,0.0,-0.9121385,1.002077,1.337857,1.316199,0.0,1.876321,0.984031,1.272295,0.0,1.371575,1.09506,0.0,0.0,0.7111747,0.0,0.7350347,0.6460251,-0.5920465,-0.560131,-0.5146784,0.0,0.6497595,0.0,0.0,0.0,0.0,0.0,0.0,0.0,0.0,0.8265444,1.551127,0.0,1.591486,0.0,1.006356,-0.4554303,0.9908925,0.0,1.189802,0.0,0.0,0.0,0.0
cause3,-0.9472408,0.0,0.0,0.0,0.0,-0.7816771,-0.4929322,0.0,0.0,0.0,0.0,0.0,0.0,0.0,0.0,0.0,0.0,-0.9685989,0.0,4.511132,11.21433,3.320389,8.128372,7.808002,36.27119,77.11741,0.0,0.0,0.0,73.52941,191.1765,132.3529,30.58824,57.41177,83.05882,-1.487551,-1.841245,0.0,0.0,0.0,-0.7691696,0.0,0.0,0.0,-1.452089,0.0,0.0,0.0,0.0,0.0,0.0,0.0,0.0,0.0,0.0,0.0,0.0,0.0,-0.8604004,0.0,0.0,-0.9838275,0.0,-0.9109698,-0.642818,-0.465812,-0.9121179,0.0,0.0,0.0,0.0,0.0,1.70004,0.0,0.0,0.0,2.052684,0.0,0.0,0.0,0.0,0.0,0.0,0.0,0.0,-0.442362,0.0,-0.7554953,0.0,-0.7696515,-0.6210365,-0.956484,0.0,0.0,0.0,-1.144241,-0.9130479,-1.28201,-0.8915915,0.0,0.0,0.0,0.0,0.0,0.0,-0.6627786,-0.6730025,1.316373,0.0,-1.124949,-0.7793923,-0.7607529,0.0,0.0,0.0,0.0,0.0,0.0,0.0,0.0,0.0,0.0,-0.8728625,0.0,-0.7772158,0.0,0.0,0.0,0.0,0.0,0.0,0.0,0.0,0.0,0.0,0.0,0.0,0.0,0.0,-0.3366889,0.0,0.0,-0.8253597,0.0,0.0,26.92497,0.0,0.0,0.0,0.0,0.0,0.0,0.0,0.0,0.0,0.0,0.0,-0.8326355,0.0,0.0,-0.7032413,0.0,0.0,0.0,0.0,0.0,0.0,0.0,0.0,0.0,0.0,-0.6708192,0.0,0.0,2.373296,0.0,0.0,0.0,0.0,0.0,0.0,0.0,0.0,0.0,-0.5584235,0.0,0.0,0.0,0.0,0.0,0.0,0.0,17.19122,-0.8607944,0.0,0.0,0.0,0.0,2.908076,-0.4695,0.0,0.0,0.0,-0.7297706,0.0,0.0,0.0,0.0,-0.9447764,0.0,0.0,0.0,0.0,0.0,0.0,0.0,0.0,0.0,0.0,0.0,0.0,0.0,0.0,-0.7648827,0.0,0.0,-0.946339,0.0,0.0,0.0,0.0,23.9936,0.0,-0.7246437,-0.4857948,0.0,0.0,0.0,0.0,0.0,0.0,0.0,0.0,0.0,-0.473975,0.0,0.0,0.0,0.0,0.0,-0.8508916,0.0,0.0,0.0,0.0,0.0,0.0,0.0,-0.6339667,0.0,0.0,-0.7808088,-0.6813813,-0.7914918,0.0,0.0,0.0,0.0,0.0,0.0,0.0,0.0,0.0,0.0,0.0,0.0,-0.9081143,0.0,0.0,0.0,0.0,0.0,0.0,0.0,0.0,0.0,0.0,3.533546,0.0,0.0,0.0,0.0,-0.6649816,-0.7621493,0.0,0.0,-1.532669,-1.326234,-1.256718,0.0,0.0,0.0,0.0,0.0,-0.7352942,-0.7142887,-0.876967,-0.8103879,0.0,0.0,-0.6273604,0.0,-0.4770412,0.0,0.0,0.0,0.0,0.0,-0.7570326,-0.9602355,-1.037813,0.0,0.0,0.0,0.0,-1.119489,0.0,0.0,0.0,0.0,0.0,-0.8250924,0.0,-0.611245,0.0,-1.003327,0.0,0.0,0.0,0.0,0.0
cause4,0.5862419,11.4743,0.0,0.0,0.0,0.0,0.0,0.0,0.0,0.0,0.0,0.0,0.0,0.0,0.0,0.0,0.0,0.0,0.0,-0.4190154,0.0,0.0,0.0,0.0,0.0,0.0,0.0,0.0,0.0,0.0,0.0,0.0,0.0,0.0,0.0,0.0,0.0,0.0,0.0,0.0,0.0,0.0,0.0,0.0,0.0,0.0,0.0,0.0,0.0,0.0,0.0,0.0,0.0,0.3988293,-0.5663776,0.0,0.0,0.0,-0.8604004,0.0,0.0,-0.9838275,-0.7153769,0.0,0.0,0.0,-0.9121179,0.0,0.0,0.0,0.0,3.086871,0.0,0.0,0.0,0.0,0.0,-0.9774915,1.281789,0.0,1.424529,0.0,1.281045,0.0,1.093844,1.387206,0.0,0.0,0.0,0.0,0.0,0.0,0.0,0.0,0.0,0.9628623,0.0,0.0,0.0,-0.8977482,-0.7613168,-1.161919,-0.6039855,0.0,0.0,0.0,-0.6730025,-0.372849,0.0,0.0,1.083576,0.0,-0.8895707,0.0,-1.456139,0.0,-0.8105968,0.0,0.0,0.0,0.0,0.0,0.0,0.0,0.0,0.0,0.0,0.0,22.62771,0.0,0.0,0.0,-0.8783211,0.0,0.0,0.0,0.0,0.0,0.0,4.652625,0.0,0.0,0.0,0.0,0.0,0.0,0.0,0.0,0.0,0.0,0.0,0.0,0.0,0.0,0.0,0.0,0.0,-0.8326355,0.0,0.0,0.0,0.0,0.0,0.0,0.0,0.0,0.0,0.0,0.0,0.0,0.0,0.0,0.0,0.0,-0.6570818,0.0,0.0,0.0,0.0,0.0,0.0,0.0,0.0,0.0,-0.5584235,0.0,0.0,0.0,0.0,0.0,0.0,0.0,0.0,-0.8607944,0.0,0.0,0.0,0.0,0.0,-0.4695,0.0,0.0,0.0,-0.7297706,0.0,0.0,0.0,-0.3884382,0.0,0.0,-0.508639,0.0,0.0,0.0,0.0,0.0,0.0,0.0,0.0,0.0,0.0,0.0,0.0,0.0,0.0,0.0,0.0,0.0,2.022862,0.0,0.0,0.0,0.0,-0.7246437,-0.4857948,0.0,0.0,0.0,0.0,-1.007808,0.0,0.0,0.0,-0.506513,0.0,0.0,0.0,0.0,0.0,0.0,0.0,0.0,-1.09127,0.0,0.0,0.0,0.0,0.0,0.0,0.0,0.0,0.0,0.0,0.0,0.0,0.0,0.0,0.0,0.0,0.0,0.0,0.0,0.0,0.0,0.0,0.0,0.0,0.0,0.0,0.0,0.0,0.0,0.0,0.0,0.0,0.0,0.0,0.0,1.244838,-1.314062,0.0,-0.6880618,0.0,0.6455644,0.0,0.0,0.0,0.0,0.0,0.0,0.0,0.0,0.0,0.0,0.0,2.056403,0.0,0.0,0.0,0.0,0.0,2.523158,-0.4367214,0.0,0.0,0.0,0.0,0.0,0.8070849,0.0,0.0,0.0,1.041343,0.0,0.0,0.0,2.388218,0.0,1.231823,0.0,0.0,0.0,0.0,0.0,0.0,0.0,0.0,-1.01434,-0.9050008,0.0,-1.165373
cause5,-0.5133414,-0.7770776,0.0,0.0,0.0,0.0,-0.4929322,0.0,0.0,0.0,0.0,0.0,0.0,0.0,0.0,0.0,0.0,0.0,0.0,-0.4190154,0.0,0.0,0.0,0.0,0.0,0.0,0.0,-1.012443,0.0,0.0,0.0,0.0,0.0,0.0,0.0,0.0,0.0,-0.2813509,0.0,0.0,0.0,0.0,0.0,0.0,0.0,0.0,0.0,0.0,0.0,0.0,221.4545,0.0,0.0,-0.9188589,0.0,23.60947,0.0,0.0,-0.8604004,0.0,-0.8510261,0.0,-0.7153769,-0.9109698,-0.642818,-0.465812,-0.9121179,0.0,0.0,0.0,0.0,0.0,0.0,0.0,0.0,-1.430244,0.0,0.0,-1.236322,-0.7124326,-1.05006,-0.5410253,0.0,0.0,-1.08817,-0.6323436,-0.8396366,-0.7406963,0.0,-0.6589143,0.0,0.0,0.0,0.0,0.0,0.0,-0.8071035,0.0,0.0,0.0,-0.8966202,-0.7875466,-0.810773,0.0,0.0,-0.6627786,-0.6730025,0.625685,0.0,0.0,-0.653044,-0.6149365,0.0,1.506641,0.0,2.157462,0.0,0.0,0.0,0.0,0.0,0.0,-0.8728625,0.0,-0.7772158,0.0,0.0,0.0,0.0,0.0,0.0,0.0,0.0,0.0,0.0,0.0,0.0,0.0,-0.6739576,-0.3366889,0.0,0.0,-0.8253597,0.0,0.0,0.0,0.0,0.0,0.0,0.0,0.0,0.0,-0.5620074,0.0,0.0,-0.5500059,0.0,-0.8326355,0.0,0.0,0.0,0.0,772.727,0.0,0.0,0.0,0.0,0.0,0.0,-0.4073891,0.0,-0.6708192,0.0,0.0,0.0,0.0,0.0,0.0,-0.312384,0.0,0.0,0.0,0.0,0.0,0.0,0.0,0.0,0.0,0.0,0.0,0.0,0.0,0.0,0.0,68.86398,0.0,0.0,0.0,0.0,-0.4695,0.0,0.0,0.0,0.0,0.0,0.0,0.0,-0.3884382,-0.9447764,0.0,0.0,0.0,0.0,0.0,0.0,0.0,0.0,0.0,0.0,0.0,0.0,0.0,0.0,0.0,0.0,0.0,0.0,0.0,-0.8554615,0.0,0.0,0.0,0.0,-0.7246437,-0.4857948,0.0,0.0,0.0,0.0,0.0,0.0,0.0,0.0,-0.506513,-0.473975,0.0,0.0,0.0,0.0,0.0,-0.8508916,0.0,0.0,-0.8915828,0.0,0.0,0.0,0.0,0.0,0.0,0.0,0.0,0.0,-0.7914918,0.0,0.0,0.0,0.0,0.0,0.0,0.0,-0.8440659,0.0,0.0,0.0,-0.8895661,-0.9081143,0.0,0.0,0.0,0.0,0.0,0.0,0.0,0.0,0.0,-0.597643,0.0,-1.015474,-1.314062,0.0,0.0,-0.8300595,0.0,0.0,0.0,0.0,0.0,-1.040773,-1.489183,-1.110398,-0.9504443,-1.525341,-1.530082,-1.224165,-0.8506563,-1.176247,-0.8056685,-1.153564,0.0,-1.163179,-1.638548,-0.7988375,-1.489685,-0.7245168,-0.7443037,0.0,0.0,-0.9283927,-1.037926,0.0,0.0,0.0,-0.966729,-0.9208056,-1.109353,-1.156922,-0.7698596,-0.5775014,0.0,0.0,0.0,-0.6766447,0.0,-1.149188,-1.18005,-1.399219,0.0,1.537401,0.0,0.0
cause6,0.0,0.0,0.0,0.0,0.0,1.23743,0.0,0.0,0.0,0.0,5.261539,0.0,0.0,0.0,0.0,38.14872,64.73846,0.0,1.857869,1.10919,0.0,0.0,1.207574,0.0,0.0,0.0,0.0,0.0,0.0,0.0,0.0,0.0,0.0,0.0,0.0,-1.651261,-1.361424,0.0,0.0,-0.975565,-0.7691696,0.0,0.0,0.0,-1.100095,0.6722354,0.0,0.0,0.0,0.0,0.0,0.0,0.0,-0.5679466,-0.5663776,0.0,0.0,1.094415,0.0,1.717303,0.0,0.0,0.0,2.555789,2.956528,17.46239,0.0,0.0,0.0,0.0,0.972403,0.0,0.0,0.0,0.0,4.486916,6.434395,0.0,0.0,0.6727527,0.0,0.0,0.0,0.0,0.0,0.6835911,1.448371,0.0,0.0,0.0,0.0,0.0,0.0,0.0,0.0,0.717934,0.6537596,0.7844552,1.363307,0.0,0.0,0.0,0.0,0.4913896,0.0,0.0,0.0,-0.5147175,1.863146,0.0,0.0,0.0,2.832947,0.0,0.0,0.0,-0.6871524,0.0,0.0,0.0,0.0,0.0,0.0,5.231506,1.753084,0.0,0.0,4.246343,0.0,0.0,0.0,0.0,0.0,0.0,0.0,0.0,0.0,0.0,0.0,-0.3366889,0.0,0.0,0.0,0.0,0.0,0.0,0.0,0.0,0.0,0.0,0.0,0.0,0.0,2.683447,0.0,0.0,-0.8584318,0.0,0.0,0.0,0.0,0.0,0.0,0.0,0.0,0.0,0.0,0.0,0.0,0.0,0.0,0.0,10.30794,0.0,0.0,0.0,0.0,0.0,0.0,0.0,0.0,0.0,0.0,0.0,-0.5584235,-0.6576779,0.0,0.0,0.0,0.0,0.0,0.0,0.0,0.0,0.0,0.0,0.0,0.0,-0.8588547,-0.4695,2.776054,0.0,0.0,0.0,50.95652,0.0,0.0,14.90295,0.0,0.0,-0.508639,0.0,0.0,0.0,0.0,23.20094,0.0,0.0,0.0,0.0,0.0,0.0,0.0,0.0,0.0,0.0,0.0,0.0,0.0,0.0,0.0,0.0,0.0,0.0,0.0,0.0,0.0,0.0,0.0,-1.007808,0.0,0.0,0.0,0.0,0.0,0.0,0.0,0.0,0.0,0.0,0.0,0.0,-0.7484037,-0.6844724,0.0,0.0,0.0,0.0,0.0,0.0,0.0,0.0,0.0,0.0,0.0,0.0,0.0,0.0,0.0,0.0,0.0,0.0,0.0,0.0,0.0,0.0,0.0,0.0,0.0,0.0,0.0,0.0,0.0,0.0,0.0,0.0,0.0,3.533546,0.4700084,0.0,0.0,2.01702,0.6666474,1.997451,0.0,-1.0222,-0.8398358,0.0,-0.7858148,0.0,0.0,0.0,0.5243968,0.0,0.0,0.0,0.6011585,0.0,0.6646582,0.0,0.4225841,0.0,0.5103515,0.4844663,0.0,0.5516043,0.0,0.0,0.9871684,0.6579358,0.0,0.0,0.0,0.0,0.835277,0.0,0.8666203,0.0,0.6729932,0.0,0.0,0.0,0.0,0.6587132,0.854924,1.174261,0.9087719,0.0,-0.5418569,0.0,0.0
cause7,0.2606526,0.0,0.0,0.0,0.0,0.0,0.0,0.0,0.0,0.0,0.0,0.0,0.0,0.0,0.0,0.0,0.0,0.0,20.92093,6.790662,5.380425,0.827754,0.0,0.0,0.0,0.0,0.0,0.0,0.0,0.0,0.0,0.0,0.0,0.0,0.0,-1.648138,-1.606372,1.112198,0.0,-0.7564598,0.0,0.0,0.0,0.0,-1.303642,0.7601868,0.0,0.0,0.0,0.0,0.0,0.0,0.0,-0.7417641,0.0,0.0,0.0,0.0,0.0,0.0,0.0,0.0,0.0,0.0,0.0,17.55354,0.0,0.0,0.0,0.0,0.0,0.0,0.0,0.0,0.0,0.0,-0.7913654,0.0,-0.6979223,0.0,-0.6950845,-0.4183622,-1.646974,-1.434439,-0.7744699,-0.4989887,0.0,0.0,0.0,0.0,0.0,1.353722,0.0,0.0,1.131007,0.0,0.0,0.0,0.0,0.0,1.733026,3.08902,2.703019,0.0,0.0,3.786278,5.823863,-0.5626451,1.321408,0.73695,0.0,0.0,0.0,0.0,0.0,0.0,0.0,0.0,0.0,0.0,0.0,0.0,-0.8728625,0.0,-0.6325132,0.0,0.0,0.0,0.0,0.0,0.0,0.0,0.0,0.0,0.0,0.0,0.0,0.0,-0.5061834,0.0,0.0,0.0,0.0,0.0,0.0,0.0,0.0,0.0,0.0,0.0,0.0,0.0,-0.5620074,0.0,0.0,0.0,-1.078232,0.0,0.0,0.0,-0.7032413,0.0,0.0,0.0,0.0,0.0,0.0,0.0,0.0,0.0,0.0,0.0,0.0,0.0,-0.4355102,0.0,0.0,0.0,0.0,0.0,0.0,0.0,0.0,0.0,-0.5584235,0.0,6.909578,0.0,0.0,0.0,0.0,0.0,0.0,0.0,0.0,0.0,-0.8700567,0.0,-0.6528654,0.0,0.0,0.0,0.0,0.0,0.0,-1.017936,0.0,7.472057,0.0,0.0,-0.508639,0.0,0.0,0.0,0.0,7.045398,-0.7392884,0.0,0.0,0.0,0.0,0.0,0.0,-0.7648827,0.0,0.0,0.0,0.0,-0.7307707,0.0,0.0,0.0,0.0,0.0,0.0,0.0,0.0,0.0,0.0,-0.8426267,0.0,0.0,0.0,0.0,0.0,0.0,0.0,0.0,0.0,0.0,0.0,0.0,-0.8756016,-0.9140359,0.0,0.0,0.0,0.0,0.0,0.0,0.0,0.0,-0.6813813,-0.7914918,0.0,0.0,0.0,0.0,0.0,0.0,0.0,0.0,0.0,0.0,0.0,0.0,0.0,0.0,0.0,0.0,0.0,0.0,0.0,0.0,0.0,0.0,0.0,3.533546,0.0,0.0,0.0,0.0,0.0,2.168923,0.0,-0.756309,-0.9909876,0.0,-0.9690435,0.0,-0.5848529,0.0,0.0,0.0,0.0,0.0,0.0,0.0,0.0,-0.7492158,0.4173498,0.0,0.5344839,0.0,0.0,0.0,0.0,-0.9664585,-0.7467846,-0.7973746,0.0,0.0,-1.136124,-1.176232,-0.6913823,0.0,0.0,0.0,-0.4621526,0.0,0.0,0.0,0.0,1.036372,0.0,0.0,0.0,0.0,0.0,0.0,0.0
cause8,0.0,0.0,0.0,0.0,0.0,0.0,0.0,0.0,0.0,0.0,0.0,0.0,0.0,0.0,0.0,0.0,0.0,-0.6397778,0.0,0.0,0.0,-0.4683879,0.0,0.0,0.0,0.0,0.0,0.0,0.0,0.0,0.0,0.0,0.0,0.0,0.0,0.9806499,1.02667,0.0,0.0,0.0,0.0,0.0,0.0,0.0,1.128514,0.0,0.0,0.0,0.0,0.0,0.0,0.0,0.0,0.0,0.0,0.0,0.0,1.444078,1.539541,0.0,0.0,2.042461,0.0,0.0,0.5293478,0.0,1.353112,0.0,0.0,3.865954,4.844181,0.0,1.252865,1.586524,1.513443,0.0,0.0,0.0,0.0,0.0,0.0,1.645748,0.3452959,0.0,0.0,0.0,0.0,1.578374,3.889589,0.5613184,4.485896,1.494445,0.8293495,6.039152,3.305164,0.0,0.0,0.0,0.0,0.0,1.634038,2.258865,1.071402,2.969103,3.457321,1.127327,1.579103,-0.4428201,1.7444,0.6269019,0.0,0.0,0.0,0.0,0.0,0.0,1.804314,0.0,0.0,0.0,0.0,0.0,14.4628,0.0,0.0,0.0,0.0,0.0,0.0,0.0,0.0,0.0,-0.7278123,0.0,0.0,0.0,0.0,0.0,0.0,0.0,0.0,0.0,0.0,0.0,0.0,0.0,0.0,0.0,0.0,0.0,0.0,0.0,0.0,0.0,0.0,0.0,0.0,0.0,0.0,1.466827,0.0,0.0,0.0,2.763694,1.821021,0.0,1.306302,0.0,0.0,0.0,0.0,0.0,0.0,0.0,1.647156,0.0,0.0,0.0,0.0,0.0,0.0,1.154283,0.8966131,0.0,0.0,0.8763881,0.0,0.0,0.0,0.0,0.8076123,1.663282,0.0,0.0,0.0,0.6119319,4.837224,0.9553511,1.10677,0.0,0.0,0.0,0.0,0.0,0.0,0.0,0.0,0.0,0.0,0.0,6.264486,0.0,0.0,0.0,0.0,0.0,0.0,5.91905,146.965,0.0,0.0,0.0,0.0,0.0,0.0,0.0,0.0,0.0,0.0,0.0,0.0,0.0,0.0,1.231714,0.0,0.0,0.0,3.182105,0.0,2.672939,0.0,1.123232,0.0,0.0,0.0,0.0,16.13081,0.0,0.0,25.559,2.674007,0.0,0.0,0.0,0.0,0.0,0.0,0.9289717,0.0,1.765083,0.0,0.0,0.0,0.0,0.0,0.0,0.0,1.324001,20.22894,2.042299,0.0,0.0,6.853354,0.0,0.0,1.00279,0.0,0.0,0.0,0.0,1.57121,0.0,0.0,0.0,5.020456,0.0,1.266287,-1.143606,0.0,1.852871,1.046475,0.0,0.7838017,0.0,0.0,0.0,1.902997,0.0,2.54284,0.0,0.4638085,0.0,0.0,0.0,0.0,0.0,0.0,0.9962809,0.7802799,1.599191,0.4718336,0.0,0.5294724,0.7344875,1.539757,1.734176,1.28177,0.0,0.0,0.0,0.0,0.0,0.0,0.0,0.0,0.435372,0.0,0.0,0.0,0.0,1.855721,1.042385,0.5650198,3.443593,0.0,0.0,0.0,0.0,0.0,1.864909,1.600041
cause9,0.4866586,0.0,0.0,0.0,0.0,0.0,0.0,0.0,0.0,0.0,0.0,0.0,0.0,0.0,0.0,0.0,0.0,0.0,0.0,0.0,0.0,0.0,0.0,0.0,0.0,0.0,0.0,0.0,0.0,0.0,0.0,0.0,0.0,0.0,0.0,0.0,0.0,0.0,0.0,-0.8612171,0.0,0.0,0.0,0.0,0.0,0.6655103,0.0,0.0,0.0,0.0,0.0,0.0,0.0,0.0,0.0,0.0,0.0,0.0,0.0,0.0,0.0,0.0,0.0,0.0,0.0,13.54429,0.0,0.0,0.0,0.9089633,1.659075,0.0,0.0,0.0,0.0,0.0,0.0,3.160156,0.0,0.0,0.0,0.0,0.0,0.0,0.0,0.0,0.0,1.305517,3.64081,0.0,3.415503,0.0,0.7544622,0.0,1.536712,0.0,0.0,0.0,0.0,-0.8977482,2.24954,3.746521,2.179688,1.725492,1.065663,6.302917,9.498855,-0.4806755,0.0,0.575523,0.0,0.0,0.0,0.0,0.0,-0.7892509,0.0,0.0,0.0,0.0,0.0,0.0,0.0,3.627798,0.0,0.0,0.0,0.0,0.0,0.0,0.0,0.0,0.0,0.0,0.0,0.0,0.0,0.0,0.970848,0.0,0.0,0.0,0.0,0.0,0.0,0.0,0.0,0.0,0.0,0.0,0.0,0.0,0.0,0.0,0.0,1.831884,0.0,0.0,0.0,0.0,0.0,0.0,0.0,3.17832,9.212038,0.0,5.947922,0.0,0.0,0.0,0.0,2.161426,12.18211,0.0,0.0,0.0,0.0,0.0,0.0,0.0,5.453581,0.0,0.0,0.0,0.0,0.0,0.0,0.0,0.0,0.0,0.0,0.0,0.0,0.0,0.0,0.0,0.0,0.0,0.0,0.0,0.0,0.0,8.403494,0.0,0.0,0.0,0.0,14.18545,0.0,0.0,0.0,0.0,0.0,0.0,0.0,15.75819,0.0,0.0,0.0,0.0,0.0,0.0,50.505,0.0,0.0,-0.5611724,0.0,0.0,0.0,0.0,0.0,0.0,0.0,0.0,0.0,0.0,0.0,0.0,0.0,0.0,0.0,0.0,0.0,0.0,0.0,0.0,0.0,0.0,0.0,0.0,0.0,0.0,0.0,0.0,0.0,0.0,0.0,0.0,0.0,0.0,0.0,0.0,0.0,-0.7914918,0.0,0.0,0.0,0.0,0.0,0.0,0.0,0.0,0.0,0.0,0.0,0.0,0.0,0.0,0.0,0.0,5.984061,0.0,0.0,0.0,0.0,0.0,0.0,0.0,0.0,0.0,0.0,0.0,1.210904,0.0,0.0,-1.0222,0.0,0.0,0.0,0.0,0.0,0.0,0.0,0.0,0.0,0.0,0.0,0.0,0.0,0.0,0.8405372,0.0,0.7729446,0.6421021,0.0,0.0,0.0,0.0,0.0,0.0,0.0,0.0,0.0,0.0,0.0,0.0,0.0,0.0,0.0,0.0,1.695673,1.092263,0.0,2.124697,0.0,0.0,0.0,0.0,-0.7072989,0.0,0.0
cause10,0.8729852,5.42591,-0.7263712,0.0,0.0,0.0,0.0,0.0,0.0,0.0,0.0,0.0,0.0,0.0,0.0,0.0,0.0,0.0,0.0,-0.4190154,0.0,-0.5947651,0.0,0.0,0.0,0.0,0.0,1.712919,0.0,0.0,0.0,0.0,0.0,0.0,0.0,1.397164,0.9317163,0.0,0.0,0.0,2.602804,0.0,0.0,0.0,1.870617,0.0,0.0,0.0,0.0,0.0,0.0,0.0,0.0,0.4644906,0.0,0.0,0.0,0.0,0.0,0.0,0.0,-0.9838275,0.0,0.0,0.0,0.0,0.0,0.0,0.0,0.0,0.0,7.519794,0.0,0.0,0.0,0.0,0.0,0.0,1.443689,1.262064,2.200798,0.0,1.716876,2.114703,0.0,0.5128091,0.0,0.0,0.0,0.982717,0.0,0.0,-0.8791477,0.0,0.0,0.0,0.0,0.0,0.0,0.0,0.0,0.0,-0.4927087,0.7441494,1.455183,0.0,0.0,-0.6234317,-1.553266,0.7315058,1.29882,2.053247,0.0,0.0,0.0,0.0,0.0,0.0,0.0,0.0,3.699006,0.0,0.0,0.0,3.288609,0.0,0.0,0.0,8.5853,0.0,0.0,0.0,0.0,0.0,0.0,0.0,0.0,0.0,0.0,1.622374,0.0,0.0,1.301049,0.0,0.0,0.0,0.0,0.0,6.920832,0.0,0.0,0.0,3.818169,0.0,0.0,-0.5500059,0.0,0.0,0.0,0.0,5.355617,0.0,0.0,0.0,0.0,0.0,0.0,0.0,0.0,1.265093,0.0,0.0,0.0,0.0,1.451772,0.0,0.0,0.0,-0.312384,0.0,0.0,0.0,0.0,0.0,0.0,0.0,0.0,0.0,0.0,0.0,0.0,0.0,0.0,0.0,0.0,0.0,0.0,0.0,0.0,0.0,0.0,0.0,0.0,-0.7297706,0.0,2.989468,0.0,0.0,0.0,0.0,0.0,0.0,0.0,0.0,0.0,0.0,0.0,8.46095,0.0,0.0,0.0,0.0,0.0,0.0,0.0,0.0,0.0,40.936,1.517896,0.0,0.0,0.0,0.0,0.0,0.0,0.0,0.0,0.0,0.0,0.0,0.0,0.0,0.0,0.0,0.0,0.0,0.0,0.0,0.0,0.0,2.462294,1.928038,0.0,0.0,0.0,0.0,0.0,0.0,0.0,0.0,0.0,0.0,0.0,0.0,1.645288,0.0,0.0,0.0,0.0,0.0,0.0,1.628791,0.0,0.0,0.0,0.0,0.0,0.0,0.0,0.0,0.0,0.0,0.0,0.0,0.0,0.0,0.0,0.0,0.7474765,1.284497,0.0,0.0,0.0,0.7081295,0.0,0.8255465,0.0,0.0,-0.6911469,0.0,0.0,1.788892,0.0,0.0,0.0,0.0,0.0,0.0,0.0,2.228646,0.0,0.0,0.0,0.0,0.6761584,0.0,0.9395943,0.0,1.398431,0.0,0.0,2.025777,1.244908,1.6539,1.470702,0.0,1.744432,0.0,0.5427409,0.0,0.0,0.5523086,-0.538987,0.5201591,0.0,0.0,-0.7099066,0.0,0.869761,1.037415,0.0
cause11,0.284339,0.0,1.139599,0.0,0.0,0.0,1.055145,0.0,0.0,0.0,0.0,0.0,0.0,0.0,0.0,0.0,0.0,2.426364,0.0,0.0,0.0,1.324397,0.0,0.0,0.0,0.0,0.0,0.0,0.0,0.0,0.0,0.0,0.0,0.0,0.0,-0.7807119,0.0,-0.2813509,0.0,0.0,0.0,0.0,0.0,0.0,0.0,-0.6517121,0.0,0.0,0.0,0.0,0.0,0.0,0.0,-0.3001403,0.0,0.0,0.0,0.0,0.0,0.0,0.0,0.0,-0.7153769,0.0,1.129587,0.0,4.011611,4.045212,4.187524,0.0,0.0,0.0,0.0,0.0,0.0,0.0,0.0,0.0,-0.5118061,-0.3998037,-0.6606076,0.0,0.0,0.0,0.0,0.0,0.0,0.0,0.0,5.11788,0.0,0.0,0.0,0.0,0.0,0.0,0.0,0.0,0.0,0.0,0.0,0.0,0.0,0.0,0.0,0.0,0.0,-0.2635671,0.0,0.8457761,0.0,0.0,0.0,1.158259,1.427885,1.345097,-0.6434366,0.0,0.0,0.0,0.0,0.0,0.0,0.0,0.0,0.0,0.0,0.0,0.0,0.0,0.0,0.0,0.0,0.0,0.0,0.0,0.0,0.0,0.0,-0.3366889,0.0,0.0,0.0,0.0,0.0,0.0,0.0,0.0,0.0,0.0,0.0,0.0,0.0,0.0,0.0,0.0,0.0,0.0,0.0,0.0,-0.7032413,0.0,0.0,0.0,0.0,0.0,0.0,0.0,0.0,4.828662,0.0,0.0,0.0,0.0,0.0,0.0,0.0,0.0,-0.312384,0.0,0.0,0.0,0.0,0.0,0.0,0.0,0.0,0.0,0.0,0.0,0.0,0.0,0.0,0.0,0.0,0.0,0.0,0.0,0.0,0.0,0.0,0.0,0.0,0.0,0.0,0.0,0.0,0.0,0.0,0.0,0.0,0.0,0.0,0.0,0.0,0.0,-0.619463,0.0,0.0,0.0,0.0,0.0,0.0,0.0,0.0,0.0,0.0,0.0,0.0,0.0,0.0,0.0,0.0,0.0,5.517624,0.0,0.0,0.0,0.0,0.0,0.0,0.0,0.0,0.0,-0.473975,0.0,0.0,0.0,0.0,0.0,0.0,0.0,0.0,0.0,0.0,0.0,0.0,0.0,0.0,0.0,0.0,0.0,0.0,0.0,0.0,0.0,0.0,0.0,0.0,0.0,0.0,0.0,0.0,0.0,0.0,0.0,0.0,0.0,0.0,0.0,0.0,0.0,0.0,0.0,0.0,0.0,0.0,0.0,0.9189298,0.0,0.0,0.0,0.0,0.0,0.0,0.0,0.0,0.0,0.0,0.0,0.0,0.0,0.0,1.323076,-0.5438018,0.0,0.0,0.0,0.7455735,0.0,0.0,0.0,0.0,0.0,0.0,0.0,0.0,0.0,0.0,0.0,0.0,0.0,0.0,0.0,0.0,0.0,0.0,0.8819751,0.0,0.0,0.0,0.0,-0.56989,0.0,0.0,0.0,0.0,0.0,1.74621,0.0,0.0
cause12,0.6714325,0.0,0.0,0.0,0.0,0.0,1.729947,0.0,0.0,0.0,0.0,0.0,0.0,0.0,0.0,0.0,0.0,1.835338,0.0,0.0,0.0,0.0,0.0,0.0,0.0,0.0,0.0,0.0,0.0,0.0,0.0,0.0,0.0,0.0,0.0,0.0,0.0,-0.2813509,0.0,0.0,0.0,0.0,0.0,0.0,0.0,0.0,0.0,0.0,0.0,0.0,0.0,0.0,0.0,0.4348168,0.0,0.0,0.0,0.0,0.0,0.0,0.0,0.0,0.0,0.0,0.0,0.0,3.84929,4.045212,3.8654,1.040647,1.652208,0.0,2.998448,3.133909,2.970025,0.0,0.0,0.0,0.0,0.0,0.0,0.0,0.6393777,0.0,0.5975883,0.0,0.0,0.9274961,0.0,5.602,0.0,2.351119,0.0,0.0,0.0,0.0,0.0,0.0,0.0,0.0,0.0,0.0,0.0,1.128536,2.075398,0.0,0.0,-0.5328366,0.0,1.249171,0.0,1.521834,0.0,0.0,0.0,0.0,0.0,3.840259,0.0,0.0,0.0,0.0,0.0,0.0,0.0,0.0,0.0,0.0,0.0,12.55899,0.0,0.0,0.0,64.103,0.0,0.0,0.0,0.0,0.0,0.0,0.0,0.0,0.0,0.0,0.0,0.0,0.0,0.0,0.0,0.0,0.0,12.67442,-0.5620074,0.0,0.0,1.71737,0.0,0.0,0.0,0.0,0.0,0.0,0.0,0.0,0.0,0.0,0.0,0.0,0.0,6.259191,0.0,0.0,0.0,0.0,1.214231,0.0,0.0,0.0,1.12352,0.0,0.0,0.0,0.0,0.0,0.0,2.58666,0.0,0.0,0.0,0.0,1.119855,0.0,0.0,2.48931,0.0,0.0,0.0,0.0,0.8612574,0.0,0.0,0.0,0.0,0.0,0.0,1.332,0.0,0.0,0.0,0.0,0.0,0.0,0.0,0.0,0.0,0.0,0.0,8.02235,0.0,0.0,0.0,0.0,0.0,0.0,0.0,0.0,0.0,0.0,0.0,0.0,0.0,0.0,0.0,0.0,7.448779,16.85877,0.0,0.0,0.0,0.0,0.0,0.0,0.0,0.0,1.1286,0.0,0.0,0.0,0.0,0.0,6.794922,1.787021,0.0,0.0,0.0,5.048197,0.0,0.0,1.414698,0.0,0.0,0.0,0.0,0.0,1.345037,0.0,0.0,0.0,0.0,0.0,0.0,3.028271,0.0,0.0,0.0,2.307765,0.0,0.0,0.0,0.0,0.0,0.0,0.0,0.0,0.0,0.0,5.88466,0.0,1.97992,0.0,0.0,0.0,0.0,0.9908754,0.0,0.0,0.0,0.0,0.0,0.0,0.5424232,0.0,0.0,0.0,0.0,0.9047487,0.0,1.613546,1.67194,0.0,0.3601748,0.0,0.2765676,0.7201265,1.36084,1.137149,2.559583,0.0,0.0,0.6579358,0.0,0.0,0.0,0.6244144,0.0,0.0,0.0,0.0,0.0,0.0,1.109592,0.8949718,0.0,1.075418,0.0,0.0,0.0,0.0,0.0,1.055722,0.0
cause13,0.6521496,0.0,0.0,0.0,0.0,0.0,0.0,0.0,0.0,0.0,0.0,0.0,0.0,0.0,0.0,0.0,0.0,1.514144,0.0,-0.4190154,0.0,0.0,0.0,0.0,0.0,0.0,0.0,0.0,0.0,0.0,0.0,0.0,0.0,0.0,0.0,0.0,0.0,0.0,0.0,0.0,0.0,0.0,0.0,0.0,0.0,0.0,0.0,0.0,0.0,0.0,0.0,0.0,0.0,0.2853879,0.0,0.0,0.0,1.830978,1.775325,0.0,0.0,3.903831,0.0,3.642408,3.974764,0.0,22.18868,27.52942,31.737,0.0,0.0,0.0,0.0,0.0,0.0,0.0,0.0,3.514034,0.0,0.0,0.0,0.0,0.0,0.0,0.0,0.0,0.0,0.0,0.0,5.641453,0.0,0.0,0.0,-1.086499,0.0,0.0,0.0,0.0,0.0,0.0,0.0,0.0,0.0,0.0,0.0,0.0,0.0,-0.5614455,0.0,1.153427,0.0,0.0,0.0,0.0,0.0,0.0,0.0,0.0,0.0,0.0,0.0,0.0,-0.8728625,0.0,0.0,0.0,0.0,0.0,0.0,7.998946,0.0,0.0,-0.8783211,0.0,0.0,0.0,0.0,0.0,0.0,0.0,0.0,0.0,0.0,0.0,0.0,0.0,0.0,0.0,0.0,7.246298,0.0,0.0,0.0,0.0,0.0,7.206818,0.0,2.987121,0.0,0.0,0.0,0.0,0.0,0.0,0.0,0.0,0.0,0.0,0.0,8.031096,0.0,0.0,0.0,0.0,1.451772,0.0,0.0,0.0,0.0,0.0,0.0,0.0,0.0,0.0,0.0,0.0,0.0,0.0,0.0,0.0,0.0,0.0,0.0,0.0,0.0,0.0,-0.8700567,0.0,0.0,0.0,0.0,0.0,0.0,0.0,0.0,0.0,0.0,0.0,0.0,0.0,0.0,0.0,0.0,0.0,0.0,0.0,-0.5879191,0.0,0.0,0.0,0.0,0.0,0.0,0.0,0.0,0.0,0.0,0.0,0.0,0.0,0.0,0.0,0.0,0.0,8.131531,0.0,0.0,0.0,0.0,0.0,0.0,0.0,0.0,-0.506513,0.0,0.0,0.0,0.0,0.0,0.0,0.0,0.0,0.0,0.0,0.0,9.671444,0.0,0.0,9.560315,0.0,0.0,0.0,0.0,0.0,0.0,0.0,0.0,0.0,0.0,0.0,0.0,0.0,0.0,0.0,0.0,2.938821,5.188434,0.0,0.0,5.641986,0.0,0.0,0.0,0.0,0.0,0.0,1.278811,0.0,1.27278,0.0,0.0,0.0,0.9423565,0.7081295,0.0,0.0,0.0,0.0,0.0,0.5562759,0.7653147,0.0,0.0,0.0,0.7721233,1.688742,0.0,0.8918092,1.612239,0.0,0.3158313,0.0,0.0,0.0,1.344695,1.434703,0.0,0.0,0.0,0.780097,0.0,0.0,0.0,0.0,0.0,0.0,0.0,0.0,0.0,0.0,0.0,0.5910445,0.0,0.0,0.0,0.0,0.0,0.0,0.0,0.0,0.0
cause14,0.1686987,0.0,-0.7263712,0.0,0.0,0.0,0.0,0.0,0.0,0.0,0.0,0.0,0.0,0.0,0.0,0.0,0.0,0.0,0.0,-0.4190154,0.0,0.0,0.0,0.0,0.0,0.0,0.0,0.0,0.0,0.0,0.0,0.0,0.0,0.0,0.0,0.0,0.0,1.021281,1.824561,0.0,0.0,0.0,0.0,0.0,0.0,0.0,0.0,-1.124841,0.0,0.0,0.0,0.0,0.0,0.6057061,0.0,0.0,0.0,0.0,0.0,0.0,0.0,0.0,0.0,0.0,0.0,0.0,0.0,0.0,0.0,0.0,0.0,0.0,0.0,0.0,0.0,0.0,0.0,0.0,0.0,0.0,0.0,-0.3742466,0.0,0.0,0.0,0.0,0.0,3.854014,0.8085316,0.0,0.9369262,0.0,1.591264,0.0,0.0,0.0,0.0,0.0,0.0,0.0,0.5126341,0.0,0.0,0.0,0.0,0.0,0.0,0.0,0.0,0.0,0.0,0.0,0.0,0.0,0.0,0.0,1.617775,0.0,0.0,0.0,0.0,0.0,0.0,0.0,0.0,0.0,0.0,0.0,1.335357,0.0,0.0,0.0,0.0,0.0,0.0,0.0,0.0,0.0,0.0,0.0,0.0,0.0,0.0,0.0,0.0,0.0,0.0,0.0,0.0,0.0,0.0,0.0,0.0,0.0,0.0,0.0,1.589642,0.0,0.0,0.0,0.0,0.0,0.0,0.0,0.0,0.0,2.609874,0.0,0.0,0.0,0.0,0.0,0.0,0.0,0.0,0.0,0.0,0.0,0.0,0.0,0.0,0.0,0.0,0.0,0.0,0.0,0.0,0.0,0.0,0.0,3.361344,0.0,0.0,0.0,0.0,0.0,0.0,0.9925135,0.0,0.0,0.0,0.0,7.297837,0.0,0.0,0.0,0.0,0.0,0.0,0.0,0.0,0.0,0.0,0.0,0.0,0.0,0.0,0.0,0.0,0.0,0.0,0.0,0.0,0.0,0.0,0.0,0.0,0.0,0.0,0.0,0.0,0.0,0.0,0.0,0.0,2.307004,5.49108,0.0,0.0,0.0,0.0,0.0,0.0,0.0,0.0,0.0,0.0,0.0,0.0,0.0,0.0,0.0,0.0,0.971382,0.0,0.0,0.0,0.0,0.0,0.0,0.0,0.0,0.0,0.0,0.0,0.0,0.0,0.0,0.0,0.0,0.0,1.098889,0.0,0.0,0.0,0.0,0.0,0.0,0.0,0.0,0.0,0.0,0.0,0.0,0.0,0.0,1.022928,0.0,0.0,0.0,0.0,0.0,0.0,0.0,0.0,0.0,0.0,0.0,0.0,0.0,0.5155227,0.0,0.0,0.0,0.0,1.479032,0.0,0.0,0.0,0.0,0.0,0.0,0.0,0.0,0.0,0.0,0.0,0.0,0.0,0.0,0.0,0.0,0.0,0.0,-0.6261994,0.0,0.0,0.0,0.0,0.0,2.572865,1.598176,0.7666527,0.0,0.0,0.0,0.0,0.0,0.0,0.0,0.0
cause15,-0.7269185,0.0,0.0,0.0,0.0,-0.86769,0.0,0.0,0.0,0.0,0.0,0.0,0.0,0.0,0.0,0.0,0.0,0.0,0.0,-0.4190154,0.0,0.0,0.0,0.0,0.0,0.0,0.0,-0.7810441,0.0,0.0,0.0,0.0,0.0,0.0,0.0,0.0,0.0,0.0,0.0,0.8399761,0.0,0.0,0.0,0.0,0.0,-1.307433,0.0,0.0,839.6226,0.0,0.0,0.0,3.488152,-0.9101034,0.0,20.89249,5.576741,-0.9852927,-0.8604004,0.0,-0.8510261,-0.9838275,-0.7153769,-0.7970854,-0.642818,-0.465812,-0.9121179,0.0,0.0,-1.132132,-0.8404124,0.0,-1.622504,-1.522281,-1.5511,-1.430244,-0.7913654,-0.9774915,-1.14506,-0.6593445,-1.146419,-0.5410253,-3.010339,-2.601762,-1.43059,-0.9043174,-0.8396366,-1.118546,-0.698971,-0.5628027,-0.6210365,-1.578154,-1.704427,-1.086499,-0.8543267,-1.537331,-1.10728,-1.722083,-0.9770279,0.0,-1.189639,-1.161919,-0.9976766,-0.8390864,-1.034586,-0.6627786,-0.6730025,1.020958,0.0,-0.7165604,-0.6847607,-0.5791702,-0.8895707,-1.828248,-2.135117,-1.370368,-0.8105968,0.0,0.0,0.0,0.0,0.0,-0.8728625,0.0,-0.7772158,0.0,0.0,0.0,0.0,0.0,0.0,0.0,-0.8783211,0.0,0.0,0.0,0.0,0.0,-1.074051,0.0,-0.6529285,0.0,-0.8253597,0.0,21.6507,0.0,0.0,0.0,0.0,0.0,0.0,0.0,-0.5620074,0.0,0.0,-0.5500059,-1.269281,0.0,0.0,0.0,-0.7032413,0.0,0.0,-0.8474551,0.0,0.0,0.0,0.0,0.0,0.0,0.0,-0.6708192,0.0,0.0,0.0,0.0,0.0,0.0,-0.312384,0.0,0.0,0.0,0.0,0.0,0.0,-0.6709273,0.0,0.0,0.0,0.0,-0.5949302,5.657164,0.0,0.0,0.0,0.0,-0.8700567,0.0,-1.135893,2.8324,0.0,0.0,0.0,0.0,0.0,-0.9495737,0.0,-0.3884382,-0.9447764,0.0,0.0,0.0,0.0,0.0,0.0,0.0,0.0,0.0,0.0,0.0,0.0,0.0,0.0,-0.7648827,0.0,-0.5611724,0.0,0.0,-0.8554615,0.0,0.0,0.0,0.0,0.0,-0.4857948,0.0,0.0,0.0,0.0,0.0,594.34,0.0,0.0,-0.506513,-0.473975,0.0,0.0,0.0,18.868,0.0,-0.8508916,0.0,0.0,-1.042855,0.0,0.0,0.0,0.0,-0.6339667,0.0,0.0,0.0,0.0,-0.7914918,-0.5851852,0.0,0.0,0.0,0.0,0.0,0.0,-0.8440659,0.0,0.0,0.0,0.0,0.0,0.0,0.0,2.330711,0.0,0.0,0.0,0.0,0.0,0.0,-0.597643,-1.299192,-0.7144535,0.0,-0.8679525,0.0,-0.7241605,-0.6789261,0.0,0.0,0.0,0.0,0.0,-1.608578,-1.229253,-1.200272,-1.604934,-1.302083,-1.471465,-0.6346873,-1.284058,-0.9661267,-1.30128,-1.361439,-1.177096,-1.832403,-0.7759002,-1.560722,-1.127335,-0.9829267,-0.7998621,0.0,-1.542267,-1.749094,-1.037813,-0.8002823,-1.620757,-2.012513,-1.510998,0.0,-1.04892,-0.7698596,-0.8779902,0.0,-1.066232,-1.456108,-1.107189,-0.611245,-1.244763,-1.133994,-1.298128,-1.01434,-0.9298972,0.0,0.0
cause16,0.0,0.0,11.67033,20.40689,11.61085,2.377407,0.0,0.0,0.0,0.0,0.0,0.0,0.0,0.0,0.0,0.0,0.0,3.855823,0.0,0.0,0.0,-0.7013853,0.0,0.0,0.0,0.0,0.0,0.0,0.0,0.0,0.0,0.0,0.0,0.0,0.0,0.0,0.0,0.0,0.0,0.0,0.0,0.0,0.0,0.0,0.0,-0.7375752,0.0,0.0,0.0,0.0,0.0,0.0,0.0,0.714201,-0.5663776,0.0,0.0,0.0,0.0,0.0,-0.8510261,-0.9838275,0.0,0.0,0.0,0.0,0.0,0.0,0.0,0.0,0.0,0.0,0.0,0.0,0.0,0.0,0.0,0.0,0.0,0.0,0.0,0.0,0.0,0.0,0.0,0.0,-0.8396366,0.0,-0.698971,0.0,-0.6210365,0.0,0.0,-1.086499,0.0,1.221568,0.0,0.0,0.0,26.65507,0.0,0.0,0.0,0.0,0.0,0.0,-0.6730025,0.0,0.0,0.0,0.0,0.0,0.0,3.0016,4.250096,3.232204,-0.8105968,0.0,0.0,0.0,0.0,0.0,0.0,0.0,0.0,0.0,0.0,0.0,0.0,0.0,6.017215,0.0,0.0,0.0,0.0,0.0,0.0,0.0,0.0,4.548675,5.458345,0.0,0.0,0.0,0.0,0.0,0.0,0.0,0.0,0.0,0.0,0.0,-0.5620074,0.0,0.0,0.0,0.0,-0.8326355,0.0,0.0,-0.7032413,0.0,0.0,0.0,0.0,0.0,0.0,0.0,0.0,0.0,0.0,-0.6708192,0.0,0.0,0.0,0.0,0.0,0.0,-0.312384,0.0,0.0,0.0,0.0,0.0,0.0,0.0,0.0,0.0,0.0,0.0,0.0,0.0,0.0,0.0,0.0,0.0,-0.8700567,0.0,0.0,0.0,0.0,0.0,0.0,4.457247,0.0,0.0,0.0,0.0,0.0,0.0,0.0,0.0,0.0,0.0,0.0,0.0,0.0,0.0,0.0,0.0,0.0,0.0,0.0,6.561897,0.0,2.851704,11.35562,0.0,0.0,0.0,0.0,0.0,0.0,0.0,0.0,0.0,0.0,0.0,0.0,0.0,0.0,0.0,0.0,-0.506513,0.0,0.0,0.0,0.0,0.0,0.0,-0.8508916,0.0,0.0,0.0,0.0,0.0,0.0,0.0,-0.6339667,0.0,0.0,0.0,0.0,0.0,0.0,0.0,0.0,0.0,0.0,0.0,0.0,0.0,0.0,0.0,0.0,0.0,0.0,0.0,0.0,0.0,0.0,0.0,0.0,0.0,0.0,0.0,-0.597643,0.0,0.0,0.0,0.0,0.0,0.0,0.0,0.0,0.0,0.0,0.0,0.0,0.0,0.0,0.0,1.067253,1.994407,0.0,0.0,0.0,0.0,0.0,0.0,0.0,0.0,0.0,0.0,-0.684235,-0.8188735,0.0,3.473973,0.0,0.0,-1.037813,0.0,0.0,0.0,0.0,0.0,0.0,0.0,0.0,0.0,0.0,0.0,0.0,0.0,0.0,0.0,0.0,0.0,0.0,0.0,0.0
cause17,0.6046998,-0.7770776,-1.31757,-1.013827,-0.8958035,0.0,0.0,0.0,0.0,0.0,0.0,0.0,0.0,0.0,0.0,0.0,0.0,-0.9685989,0.0,-0.4190154,0.0,0.0,0.0,0.0,0.0,0.0,0.0,0.0,0.0,0.0,0.0,0.0,0.0,0.0,0.0,0.0,0.0,0.0,0.0,-0.975565,0.0,0.0,0.0,0.0,0.0,1.026917,0.0,-1.124841,0.0,0.0,0.0,0.0,0.0,-0.6011707,-0.5663776,0.0,0.0,0.0,-0.8604004,0.0,-0.8510261,0.0,-0.7153769,0.0,0.0,16.15919,-0.9121179,0.0,0.0,-0.8062154,0.0,0.0,0.0,0.0,0.0,7.800525,-0.7913654,0.0,0.0,1.116445,1.238473,0.0,-1.631148,-2.377125,0.0,0.0,0.0,-0.9117731,0.0,0.0,0.0,0.0,0.0,0.0,0.0,3.029853,4.506034,5.509792,5.352462,-0.8977482,-0.6790666,0.0,0.0,-0.8869276,-1.034586,0.0,0.0,-0.5645448,0.0,0.0,0.0,0.0,0.0,0.0,0.0,0.0,-0.8105968,0.0,0.0,0.0,0.0,0.0,-0.8728625,0.0,0.0,0.0,0.0,0.0,0.0,0.0,0.0,0.0,0.0,0.0,0.0,0.0,0.0,0.0,-0.8540018,-0.3366889,-0.6529285,0.0,-0.8253597,0.0,0.0,0.0,0.0,0.0,0.0,0.0,0.0,0.0,-0.5620074,0.0,0.0,-0.5500059,0.0,-0.8326355,0.0,0.0,-0.7032413,0.0,0.0,0.0,0.0,0.0,0.0,0.0,0.0,0.0,0.0,-0.6708192,0.0,0.0,-0.6570818,0.0,0.0,0.0,-0.312384,0.0,0.0,0.0,0.0,0.0,-0.5584235,-0.822988,0.0,0.0,0.0,0.0,0.0,0.0,0.0,-0.8607944,0.0,0.0,0.0,0.0,0.0,-0.4695,0.0,0.0,0.0,-0.7297706,0.0,0.0,0.0,4.42095,-0.9447764,0.0,0.0,0.0,0.0,0.0,0.0,0.0,0.0,0.0,0.0,0.0,0.0,0.0,0.0,-0.7648827,0.0,-0.5611724,-0.946339,0.0,0.0,0.0,0.0,0.0,0.0,-0.7246437,0.0,0.0,0.0,0.0,0.0,0.0,0.0,0.0,0.0,-0.506513,-0.473975,0.0,0.0,0.0,0.0,0.0,-0.8508916,0.0,-1.09127,0.0,0.0,0.0,0.0,0.0,0.0,0.0,0.0,-0.7808088,-0.6813813,-0.7914918,0.0,0.0,0.0,0.0,0.0,0.0,0.0,-0.8440659,0.0,0.0,0.0,0.0,-0.9081143,0.0,0.0,0.0,0.0,0.0,0.0,0.0,0.0,0.0,-0.597643,0.0,-0.5920478,0.0,0.0,-0.6880618,-0.8300595,0.0,0.0,-1.0222,0.0,0.0,0.0,0.0,0.0,0.0,0.0,0.0,0.0,0.0,0.0,-0.9661267,0.0,-1.279197,0.6254142,0.0,0.0,0.0,-0.728545,0.0,0.0,0.0,0.0,-1.078565,0.0,-0.8002823,0.0,-1.389323,-1.398241,0.0,0.0,0.0,0.0,0.0,0.0,0.0,1.088814,-0.611245,0.0,0.0,0.0,0.0,0.0,0.0,0.0
cause18,0.0,0.0,0.0,0.0,0.0,1.524706,0.0,2.105696,0.0,0.0,0.0,2.990358,0.0,0.0,0.0,0.0,0.0,0.0,0.0,-0.4190154,0.0,0.0,0.0,0.0,0.0,0.0,0.0,0.0,0.0,0.0,0.0,0.0,0.0,0.0,0.0,1.174473,0.9429261,0.0,2.404624,0.0,0.0,0.0,0.0,0.0,0.0,-0.7602819,1.892801,32.27814,0.0,0.0,0.0,0.0,5.856349,-0.7911398,8.498737,14.31468,2.297485,-0.6922703,-0.6867182,0.0,0.0,0.0,0.0,0.0,0.0,-0.465812,0.0,0.0,0.0,-0.491602,0.0,0.0,0.0,-0.7300831,-0.7357295,0.0,-0.7913654,0.0,-0.5267294,-0.4847379,0.0,0.0,-0.8626605,0.0,-0.6794439,-0.515222,0.0,-0.5528085,0.0,0.0,0.0,0.0,-0.7220694,0.0,0.0,-0.9211975,-0.7255519,-0.857199,-0.6615344,0.0,-0.7716405,-0.8286625,-0.6768072,-0.4472311,-0.5194963,0.0,0.0,0.0,0.0,0.0,0.0,0.0,0.0,1.097973,2.017565,1.267778,0.0,0.0,0.0,0.0,0.0,0.0,0.0,0.0,0.0,0.0,0.0,0.0,0.0,0.0,0.0,0.0,0.0,0.0,0.0,0.0,0.0,0.0,0.0,-0.3366889,0.0,0.0,0.0,0.0,0.0,0.0,0.0,0.0,0.0,0.0,0.0,0.0,0.0,0.0,0.0,0.0,0.0,0.0,0.0,0.0,0.0,0.0,0.0,0.0,0.0,0.0,0.0,0.0,0.0,0.0,0.0,0.0,0.0,0.0,0.0,0.0,0.0,0.0,-0.312384,0.0,0.0,0.0,0.0,0.0,0.0,0.0,0.0,0.0,0.0,0.0,0.0,0.0,0.0,2.16011,0.0,0.0,0.0,0.0,0.0,0.0,1.895728,0.0,0.0,2.55979,0.0,0.0,3.892831,-0.3884382,0.0,0.0,0.0,0.0,0.0,0.0,0.0,0.0,0.0,0.0,0.0,3.79442,0.0,0.0,0.0,0.0,0.0,0.0,0.0,0.0,0.0,2.601206,0.0,0.0,0.0,-0.7246437,0.0,0.0,0.0,0.0,0.0,1.507962,0.0,0.0,0.0,-0.506513,0.0,0.0,0.0,0.0,0.0,0.0,0.0,0.0,0.0,0.0,0.0,0.0,0.0,0.0,0.0,12.13558,0.0,0.0,0.0,0.0,0.0,0.0,0.0,1.658935,0.0,0.0,0.0,0.0,0.0,0.0,0.0,0.0,0.0,0.0,0.0,10.51476,0.0,0.0,0.0,0.0,0.0,0.0,0.0,-1.547847,-0.4276247,0.0,0.0,0.0,0.0,0.0,0.0,0.0,0.8798162,0.0,1.020607,-0.580889,-0.4599666,-0.7237225,-0.4756032,0.0,-0.7628179,0.0,-0.4966722,-0.782481,-0.7134241,0.0,-0.6935682,-0.7970125,-0.4896485,-0.9238449,-0.3896891,-0.6187847,0.0,0.0,-0.6339965,0.0,-1.037813,0.0,-0.9470548,0.0,0.0,0.0,0.0,0.0,-0.5054191,0.0,-0.6302288,-0.7481409,-0.8210415,0.0,-0.532839,0.0,0.0,0.0,0.8467004,0.0,0.0
cause19,-0.6593614,-0.5286676,0.0,0.0,0.0,0.0,-0.4929322,0.0,0.0,0.0,0.0,0.0,0.0,0.0,0.0,0.0,0.0,0.0,0.0,-0.4190154,0.0,0.0,0.0,0.0,0.0,0.0,0.0,0.0,0.0,0.0,0.0,0.0,0.0,0.0,0.0,0.0,0.0,0.0,0.0,0.0,0.0,0.0,0.0,0.0,0.0,-0.8948741,0.0,0.0,0.0,0.0,0.0,170.2787,5.703122,-0.9352436,3.388893,16.92095,6.669843,0.0,0.0,0.0,0.0,0.0,0.0,0.0,0.0,-0.465812,0.0,0.0,0.0,-0.6512713,0.0,0.0,0.0,0.0,0.0,0.0,0.0,-0.9774915,-0.8669546,-0.5279304,-0.885775,0.0,-1.414004,-0.9044286,-0.9211708,-0.5732673,0.0,-0.6994531,-0.5983532,0.0,-0.6210365,0.0,-1.189822,-0.8662411,0.0,0.0,-0.6742377,0.0,0.0,0.0,-0.8329728,-0.8918794,-0.6943411,0.0,0.0,-0.6627786,-0.6730025,0.8632222,0.0,-0.809545,-0.4693299,0.0,0.0,0.0,-1.101763,0.0,0.0,0.0,0.0,0.0,0.0,0.0,0.0,0.0,0.0,0.0,0.0,0.0,0.0,0.0,0.0,0.0,0.0,0.0,0.0,0.0,0.0,0.0,-0.7133112,0.0,-0.6529285,0.0,0.0,0.0,0.0,0.0,0.0,0.0,0.0,0.0,0.0,0.0,-0.5620074,0.0,0.0,0.0,0.0,0.0,0.0,0.0,0.0,0.0,0.0,0.0,0.0,0.0,0.0,0.0,0.0,0.0,0.0,0.0,0.0,0.0,0.0,0.0,0.0,0.0,-0.312384,0.0,0.0,0.0,0.0,0.0,0.0,0.0,0.0,0.0,0.0,0.0,-0.6118752,0.0,0.0,0.0,0.0,0.0,-0.8700567,0.0,-0.7873504,6.497701,0.0,0.0,0.0,0.0,0.0,-0.6021821,0.0,0.0,0.0,0.0,-0.508639,0.0,0.0,0.0,0.0,0.0,0.0,0.0,0.0,0.0,0.0,0.0,0.0,0.0,0.0,0.0,0.0,0.0,0.0,0.0,0.0,0.0,0.0,0.0,0.0,0.0,0.0,0.0,0.0,0.0,0.0,0.0,0.0,0.0,-0.473975,0.0,0.0,0.0,0.0,0.0,0.0,0.0,0.0,-0.7973573,0.0,0.0,0.0,0.0,0.0,0.0,0.0,0.0,0.0,-0.7914918,0.0,0.0,0.0,0.0,0.0,0.0,0.0,0.0,0.0,0.0,0.0,0.0,0.0,0.0,0.0,2.445281,0.0,0.0,0.0,0.0,0.0,0.0,0.0,0.0,-0.6820384,0.0,0.0,0.0,0.0,0.0,0.0,0.0,0.0,0.0,0.0,-0.8649253,-0.5827445,0.0,-0.9375226,-1.133887,-0.6059712,0.0,-0.6129362,0.0,-0.7878749,0.0,-0.7810967,-1.098295,-0.51983,-0.7278893,0.0,-0.7247441,0.0,0.0,-0.8393195,0.0,0.0,0.0,-0.8203175,-0.9681875,-0.629325,0.0,-0.8101297,-0.7698596,-0.5528713,0.0,-0.8343819,0.0,-0.6805826,0.0,-0.6260318,-0.8599223,-0.7843852,0.0,0.0,0.0,0.0
cause20,-0.9593533,0.0,0.0,0.0,0.0,0.0,0.0,0.0,0.0,0.0,0.0,0.0,0.0,0.0,0.0,0.0,0.0,-0.9685989,0.0,11.34414,23.60438,4.576312,13.24601,5.137722,17.08492,33.89462,43.85965,-1.012443,52.63158,61.40351,52.63158,0.0,25.54386,67.42105,145.5351,-1.914495,-1.887007,0.0,0.0,-0.7769608,-0.7691696,0.0,0.0,0.0,-1.648762,-0.3952515,0.0,0.0,0.0,0.0,0.0,0.0,0.0,0.0,-0.5663776,0.0,0.0,-0.837068,0.0,0.0,-0.8510261,0.0,-0.7153769,-0.9109698,-0.642818,0.0,-0.9121179,0.0,0.0,-0.6747051,0.0,-0.493567,0.0,0.0,0.0,0.0,0.0,0.0,-1.155761,-0.7124326,-1.146419,0.0,-1.166384,0.0,-1.133225,-0.8255882,-0.8396366,-1.010818,-0.5912923,-0.7696515,0.0,0.0,-1.048354,0.0,0.0,-1.365603,-0.9334935,-1.547083,-0.9877568,0.0,0.0,0.0,0.0,-0.4420884,-0.6003243,0.0,0.0,1.008873,0.0,-1.082757,-0.8398199,-0.5919129,-0.8895707,0.0,0.0,0.0,0.0,0.0,0.0,0.0,3.283813,0.0,-0.8728625,0.0,0.0,0.0,0.0,0.0,0.0,0.0,0.0,0.0,-0.8783211,0.0,0.0,0.0,0.0,0.0,0.0,0.0,-0.6529285,0.0,0.0,0.0,0.0,21.29054,0.0,0.0,0.0,0.0,19.76822,0.0,0.0,0.0,0.0,0.0,0.0,0.0,0.0,0.0,-0.7032413,0.0,0.0,0.0,0.0,0.0,0.0,0.0,0.0,-0.4073891,0.0,-0.6708192,0.0,0.0,0.0,0.0,0.0,0.0,2.21392,0.0,0.0,0.0,0.0,14.00447,-0.5584235,0.0,10.73669,0.0,0.0,0.0,0.0,0.0,0.0,-0.8607944,0.0,0.0,0.0,0.0,3.550616,-0.4695,0.0,13.1842,0.0,-0.7297706,0.0,-0.6631522,0.0,0.0,0.0,0.0,-0.508639,0.0,0.0,0.0,52.632,0.0,0.0,0.0,0.0,0.0,0.0,0.0,0.0,0.0,0.0,-0.5611724,0.0,0.0,-0.8554615,0.0,0.0,34.79963,0.0,-0.7246437,-0.4857948,0.0,0.0,0.0,0.0,0.0,0.0,0.0,0.0,2.914531,0.0,0.0,0.0,0.0,0.0,0.0,0.0,0.0,0.0,0.0,0.0,0.0,0.0,0.0,0.0,0.0,0.0,0.0,0.0,0.0,0.0,0.0,0.0,2.177496,0.0,0.0,0.0,0.0,11.97426,0.0,0.0,0.0,0.0,0.0,0.0,0.0,0.0,0.0,0.0,0.0,0.0,0.0,0.0,3.533546,0.0,-1.014228,-1.119035,0.0,-0.5346569,-0.7621493,0.0,-0.7811878,-1.485522,-0.9521739,-1.460324,-1.162028,-0.9332726,-0.9109969,-1.166402,-1.000085,-1.093134,-0.9116629,-1.015581,-0.8732299,-0.7471606,0.0,-0.9865519,-1.271243,-0.6921995,0.0,0.0,0.0,0.0,-0.9241539,-0.7113298,-0.7491816,0.0,-0.637241,0.0,-0.9386342,-1.070997,-0.9884348,0.0,0.0,-0.7910065,0.0,-0.9835259,-0.9583892,-0.8789169,-0.4754761,-0.7670552,-0.8242811,0.0,-0.8274633,0.0,-1.172532,-0.9928108
cause21,-0.5616778,-0.5048678,0.0,0.0,0.0,0.0,-0.4929322,0.0,0.0,0.0,0.0,2.308139,0.0,0.0,0.0,0.0,0.0,0.0,0.0,0.0,0.0,-0.7013853,0.0,0.0,0.0,0.0,0.0,-0.8655669,0.0,0.0,0.0,0.0,0.0,0.0,0.0,1.331063,1.13939,-0.2813509,0.0,0.0,0.0,0.0,0.0,0.0,0.0,-1.425125,2.244127,0.0,0.0,0.0,0.0,11.91018,54.29122,-0.8981257,0.0,3.346001,39.59578,0.0,0.0,0.0,0.0,0.0,0.0,-0.5495403,-0.642818,-0.465812,-0.709946,0.0,0.0,-0.7418127,0.0,-0.4507323,0.0,0.0,0.0,0.0,-0.6259289,-0.9774915,-1.00718,-0.5439502,-0.9940905,0.0,-0.6059147,0.0,-1.126103,-0.6893441,-0.6417384,-0.8063792,0.0,-0.6383582,0.0,0.0,-1.273895,0.0,0.0,-1.225946,-0.909559,-1.124778,-0.7417479,0.0,-0.9932216,-0.9646446,-0.8868771,-0.4617998,-0.6788555,0.0,0.0,0.6741965,0.0,0.0,-0.7167938,-0.6454968,0.0,0.9197801,0.0,1.466407,0.0,0.0,0.0,0.0,0.0,0.0,0.0,0.0,0.0,0.0,0.0,0.0,0.0,0.0,0.0,0.0,2.788723,0.0,0.0,0.0,0.0,2.065193,-0.8105201,0.0,0.0,0.0,-0.6698353,0.0,0.0,0.0,0.0,0.0,0.0,0.0,0.0,0.0,-0.5620074,0.0,0.0,0.0,0.0,0.0,0.0,0.0,0.0,0.0,0.0,0.0,0.0,0.0,0.0,0.0,0.0,-0.4073891,0.0,0.0,0.0,0.0,-0.4514287,0.0,0.0,0.0,0.0,0.0,0.0,0.0,0.0,0.0,0.0,-0.7264712,0.0,0.0,0.0,0.0,0.0,0.0,0.0,0.0,0.0,0.0,0.0,0.0,0.0,0.0,0.0,0.0,0.0,0.0,0.0,0.0,2.809095,0.0,0.0,0.0,0.0,0.0,0.0,0.0,0.0,0.0,0.0,0.0,0.0,0.0,0.0,0.0,0.0,0.0,0.0,0.0,-0.946339,0.0,-0.7397379,0.0,0.0,0.0,0.0,0.0,0.0,0.0,0.0,0.0,0.0,1.445033,0.0,0.0,0.0,0.0,0.0,0.0,0.0,0.0,0.0,0.0,-0.6723372,0.0,0.0,-0.6243809,0.0,0.0,0.0,0.0,0.0,0.0,0.0,0.0,0.0,0.0,0.0,0.0,0.0,0.0,0.0,0.0,0.0,0.0,9.341654,0.0,0.0,-0.8895661,0.0,0.0,0.0,6.809679,1.655414,0.0,0.0,0.0,0.0,41.916,0.0,-1.616801,-0.8221434,-0.9047078,-0.8904309,-0.6880618,0.0,-0.5508518,0.0,0.0,1.207387,0.0,1.109743,-0.9607078,-0.8055347,0.0,-1.09718,0.0,-1.111919,-0.651974,-0.8378441,-0.7758829,-1.113749,0.0,-0.9668635,-1.525949,-0.6241297,-0.7775105,-0.6815817,-0.7943143,0.0,0.0,-0.9103612,0.0,0.0,-0.5776871,-0.6951335,0.0,-0.6684346,-0.6821922,-0.7895713,0.0,-0.6404783,0.0,-0.7274817,-0.8783661,-0.935541,-0.3332044,-1.068808,-0.9967803,-1.014225,0.0,0.9175375,-0.7822541,0.0
cause22,-0.9591949,0.0,7.181564,11.00994,7.781376,-0.8772247,-0.4929322,0.0,0.0,0.0,0.0,0.0,0.0,0.0,0.0,0.0,0.0,-0.9685989,0.0,3.536737,7.990155,2.848216,8.825663,0.0,34.55542,68.38915,0.0,0.0,61.9469,61.9469,141.5929,53.0973,0.0,65.85841,49.9823,-1.745493,-1.749913,0.0,0.0,-0.6750225,-0.7691696,0.0,0.0,0.0,-1.530405,-0.4919529,0.0,0.0,0.0,0.0,0.0,0.0,0.0,0.0,0.0,0.0,0.0,-0.8357562,-0.8604004,0.0,-0.8510261,-0.9838275,-0.7153769,0.0,-0.642818,-0.465812,0.0,0.0,0.0,0.0,0.0,-0.6108357,0.0,0.0,2.568325,0.0,0.0,0.0,-0.8326595,-0.4634362,-0.8650157,0.0,-0.8453448,0.0,-0.830598,-0.7057525,-0.8396366,-0.656093,0.0,-0.5109379,0.0,0.0,0.0,0.0,0.0,-0.9222183,-0.6397475,-0.9276143,-0.8430834,9.939152,0.0,0.0,0.0,-0.5727845,-0.7717233,0.0,0.0,1.315147,0.0,-1.082383,-0.8398199,-0.5052516,0.0,1.678979,2.603929,1.939914,0.0,0.0,0.0,0.0,3.316826,0.0,0.0,0.0,0.0,0.0,0.0,0.0,0.0,0.0,0.0,0.0,0.0,0.0,0.0,0.0,0.0,0.0,0.0,0.0,-0.6529285,0.0,0.0,0.0,0.0,27.00616,0.0,0.0,0.0,0.0,15.06205,0.0,0.0,0.0,0.0,0.0,0.0,0.0,0.0,0.0,-0.7032413,0.0,0.0,0.0,0.0,0.0,0.0,0.0,0.0,-0.4073891,0.0,0.0,0.0,0.0,0.0,0.0,0.0,0.0,0.0,0.0,0.0,0.0,0.0,3.788869,0.0,0.0,0.0,0.0,0.0,0.0,0.0,0.0,10.34519,-0.8607944,0.0,0.0,-0.8700567,0.0,0.0,-0.4695,0.0,11.82298,0.0,0.0,0.0,0.0,0.0,0.0,0.0,0.0,-0.508639,0.0,0.0,0.0,70.796,0.0,-0.7392884,0.0,0.0,0.0,0.0,0.0,0.0,0.0,0.0,0.0,9.504871,0.0,0.0,0.0,0.0,18.5427,0.0,0.0,0.0,0.0,0.0,0.0,0.0,0.0,0.0,0.0,0.0,0.0,-0.473975,0.0,0.0,0.0,0.0,0.0,0.0,3.630044,0.0,0.0,0.0,0.0,0.0,0.0,0.0,0.0,0.0,0.0,0.0,0.0,0.0,0.0,0.0,0.0,0.0,0.0,0.0,1.116085,0.0,0.0,0.0,0.0,3.192199,0.0,0.0,0.0,0.0,0.0,0.0,0.0,0.0,0.0,0.0,3.309676,0.0,0.0,-1.007063,0.0,0.0,-0.7621493,0.0,-0.7790585,-1.335925,-1.060739,-1.154015,-0.7319496,0.0,0.0,-0.6685832,0.0,-1.089383,-0.6570415,-0.6927539,0.0,0.0,0.0,-0.9846625,-1.492727,-0.6482229,0.0,0.6136938,0.0,1.456373,-1.084086,-0.5889099,-0.7996718,0.0,0.0,0.0,0.0,0.0,-1.185596,0.0,0.0,-0.6586069,0.0,0.0,-0.6796969,-0.5023415,0.0,0.0,0.0,0.0,0.0,1.893577,-1.066924,-0.8171936
cause23,0.8496482,1.382227,0.0,-0.6466151,-0.4955907,0.0,0.6216832,0.0,0.0,0.0,0.0,0.0,0.0,0.0,0.0,0.0,0.0,1.926054,0.0,-0.4190154,0.0,-0.7013853,0.0,0.0,0.0,0.0,0.0,0.0,0.0,0.0,0.0,0.0,0.0,0.0,0.0,0.6490052,0.5131921,0.0,1.04,0.0,0.0,0.0,0.0,0.0,0.8587945,-0.433619,0.0,0.0,0.0,0.0,0.0,0.0,0.0,0.8182529,0.0,0.0,0.0,0.0,0.0,0.0,0.0,0.0,0.0,-0.4280999,0.0,0.0,0.0,0.0,0.0,-0.4477069,0.0,0.5589196,0.0,0.0,-0.5284215,0.0,0.0,-0.7214746,0.0,0.0,0.0,0.0,0.9689496,0.9600985,0.3208866,1.889193,1.349859,0.0,0.0,1.879738,0.0,0.0,0.0,0.0,0.0,-0.599188,-0.6615172,-0.6747084,-0.4006468,0.0,-0.447121,-0.6059756,-0.6738657,0.0,0.0,0.0,0.0,-0.599877,-1.375865,1.075583,0.9168088,4.989516,0.0,0.0,0.0,0.0,0.0,2.413346,0.0,0.990918,1.499503,0.0,0.0,0.0,0.0,0.0,0.0,0.0,1.295343,2.476037,0.0,0.0,0.0,0.0,0.0,0.0,3.120125,0.0,2.42473,3.432029,1.302679,1.039129,0.7330009,0.0,0.0,0.0,0.0,1.643656,1.12751,0.0,0.0,0.0,0.686343,0.0,0.0,-0.4763161,0.0,2.935704,0.0,0.0,1.886921,0.0,0.0,0.0,0.0,0.0,0.0,0.913772,5.009468,2.062581,0.0,0.0,0.0,0.0,0.0,0.0,0.0,1.470761,0.0,0.0,0.0,0.0,0.0,0.0,0.0,0.5873696,0.0,0.0,0.0,0.0,1.02239,0.0,0.0,0.0,0.0,0.7074621,0.0,0.0,0.0,0.0,0.0,0.0,0.0,0.0,0.0,2.386953,0.0,0.0,11.29513,0.0,-0.508639,0.0,0.0,0.0,0.0,0.0,3.660981,0.689,0.0,0.8858564,1.75,14.18769,0.0,0.0,1.248024,0.6674631,0.0,0.0,0.8355557,0.0,0.0,0.0,0.0,0.0,1.77367,0.0,0.0,0.0,3.02625,0.0,0.0,1.008073,8.100081,-0.506513,0.0,0.0,0.0,1.09789,0.0,0.0,0.0,1.732188,0.0,0.0,0.0,1.968814,0.0,0.0,0.746085,0.0,0.0,0.0,0.0,0.0,5.437098,0.0,0.0,0.0,0.0,0.0,0.0,3.082477,0.0,3.22482,12.76102,0.0,4.594029,0.820244,2.059944,0.0,0.0,0.0,1.834818,2.773156,0.0,0.0,0.0,0.0,1.616197,0.0,0.0,0.0,0.0,1.013212,0.0,0.0,0.0,0.0,0.0,-0.6413492,-0.5853119,0.6546978,-0.9242105,0.0,-0.6350864,1.514682,-0.3383317,0.0,0.0,0.0,-0.196048,0.0,-0.2517836,-0.3248523,0.0,0.0,0.0,0.602396,0.0,0.614523,1.467297,0.6866595,0.4235722,0.9887691,0.0,0.5361974,0.0,0.8489384,1.613436,4.158513,0.0,0.0,0.0,0.0,-0.427357,0.0,0.0,0.0,0.0,0.0,-0.5260282
cause24,0.5652144,2.102681,0.0,0.0,0.0,0.0,1.188237,0.0,0.0,0.0,0.0,0.0,0.0,0.0,0.0,0.0,0.0,1.127077,0.8979394,0.0,0.0,0.0,0.0,0.0,0.0,0.0,0.0,0.0,0.0,0.0,0.0,0.0,0.0,0.0,0.0,0.0,0.0,0.0,0.0,0.0,0.0,0.0,0.0,0.0,0.0,0.0,0.0,0.0,0.0,0.0,0.0,0.0,0.0,0.0,0.0,0.0,0.0,0.0,0.0,0.0,0.0,0.0,0.0,0.0,0.0,0.0,0.0,0.0,0.0,0.0,0.0,0.8409615,1.306141,1.144305,1.321144,0.0,0.0,0.0,0.7686452,0.7898825,0.7816387,0.8354653,1.070396,0.0,0.9981108,1.491759,1.179193,0.0,0.0,0.9500331,0.0,0.0,-0.5021468,0.0,0.0,0.0,0.0,0.0,0.0,0.0,0.4279353,0.7387413,0.0,0.6275386,0.8918868,0.0,0.0,-0.3996082,-0.9208685,0.0,0.9823028,4.900353,0.0,0.0,0.0,-0.4392911,0.0,3.840259,0.0,0.0,0.0,0.0,0.0,0.0,1.049464,0.0,0.0,0.0,2.422452,0.0,0.0,0.0,0.0,0.0,0.0,0.0,0.0,0.0,0.6385474,0.0,0.0,0.0,0.0,0.0,0.0,0.0,0.0,0.0,0.0,0.0,0.0,0.0,0.0,0.0,0.0,0.0,0.0,0.0,0.0,0.0,0.0,0.0,0.0,0.0,0.0,0.0,0.0,0.0,2.098297,0.0,0.0,0.0,0.0,0.0,0.8969589,0.0,0.0,0.0,0.0,0.0,0.0,0.0,0.0,0.0,0.0,0.0,0.0,0.0,0.0,0.0,-0.4142477,0.0,0.0,0.0,0.0,0.0,0.0,0.0,0.0,0.0,0.0,0.0,0.0,0.0,0.0,2.101219,0.0,0.0,0.0,31.674,0.0,0.0,0.0,0.0,0.0,0.0,1.056574,1.7252,0.0,0.0,0.0,1.008316,0.0,0.0,3.764789,0.0,0.0,0.0,1.418174,0.0,0.0,0.0,0.0,-0.7246437,1.025552,0.0,0.0,0.0,0.0,0.0,0.0,1.673843,3.665197,0.0,1.109725,0.0,0.0,1.850552,0.0,0.0,2.38733,0.0,0.0,0.0,0.0,0.0,0.0,0.0,0.0,0.0,0.0,0.0,0.0,0.0,6.409013,0.0,0.0,0.0,0.0,0.0,0.0,1.889352,0.0,1.378883,0.0,0.0,0.0,0.0,0.0,0.0,0.0,0.0,0.0,3.76442,0.0,0.0,0.9862705,0.0,1.460558,0.0,0.0,0.0,0.8461168,0.9343262,0.0,0.0,0.0,0.0,0.0,0.0,0.0,0.0,0.0,0.0,0.0,1.297789,0.0,0.0,0.8739082,0.0,0.0,0.0,0.0,0.0,1.086158,0.9055442,1.315147,0.0,1.056246,0.0,0.0,0.8817779,0.8233452,0.9853154,1.239534,0.0,0.7625659,1.203373,1.47765,1.216065,0.0,0.0,0.0,1.034565,0.0,0.0,0.0,0.0,0.0,0.0,0.0
cause25,0.0,0.0,0.0,0.0,0.0,0.0,0.0,0.0,0.0,0.0,0.0,0.0,0.0,0.0,0.0,0.0,0.0,0.0,0.0,-0.4190154,0.0,0.0,0.0,0.0,0.0,0.0,0.0,3.075599,0.0,0.0,0.0,0.0,0.0,0.0,0.0,0.0,0.0,0.0,0.0,0.0,0.0,0.0,0.0,0.0,0.0,0.7435679,0.0,0.0,0.0,0.0,0.0,0.0,0.0,0.0,-0.5663776,0.0,0.0,0.0,0.0,0.0,0.0,-0.9838275,0.0,0.0,-0.642818,-0.465812,0.0,0.0,0.0,0.0,0.0,0.0,0.0,0.0,2.47916,0.0,0.0,-0.9774915,0.8191463,0.0,0.0,0.0,0.0,0.0,1.259851,1.339466,0.0,0.0,-0.698971,0.0,-0.6210365,0.0,0.0,0.0,-0.8543267,0.0,0.0,0.0,0.0,0.0,0.0,0.0,0.0,0.9242035,2.030063,0.0,0.0,0.0,0.0,0.0,0.0,5.426027,-0.8895707,0.0,0.0,0.0,0.0,0.0,0.0,0.0,0.0,0.0,0.0,0.0,0.0,0.0,0.0,0.0,0.0,0.0,0.0,0.0,0.0,0.0,0.0,0.0,0.0,0.0,0.0,0.0,0.0,0.0,0.0,0.0,0.0,0.0,0.0,0.0,0.0,0.0,0.0,0.0,-0.5620074,0.0,0.0,-0.5500059,0.0,0.0,0.0,0.0,-0.7032413,0.0,0.0,0.0,0.0,0.0,0.0,0.0,0.0,-0.4073891,0.0,0.0,0.0,0.0,0.0,0.0,0.0,0.0,0.0,0.0,0.0,0.0,0.0,0.0,-0.5584235,0.0,0.0,0.0,0.0,0.0,0.0,3.829561,0.0,0.0,0.0,0.0,0.0,0.0,0.0,-0.4695,0.0,0.0,0.0,0.0,0.0,0.0,0.0,0.0,-0.9447764,0.0,-0.508639,0.0,0.0,0.0,0.0,0.0,0.0,0.0,0.0,0.0,0.0,0.0,0.0,0.0,0.0,-0.5611724,-0.946339,0.0,0.0,0.0,0.0,0.0,0.0,-0.7246437,0.0,0.0,0.0,0.0,0.0,0.0,0.0,0.0,0.0,0.0,0.0,0.0,0.0,0.0,0.0,0.0,0.0,0.0,0.0,0.0,0.0,0.0,0.0,0.0,0.0,0.0,0.0,0.0,0.0,-0.7914918,7.540119,0.0,0.0,0.0,0.0,0.0,0.0,0.0,0.0,0.0,0.0,0.0,-0.9081143,0.0,0.0,0.0,0.0,0.0,0.0,0.0,0.0,0.0,0.0,0.0,0.0,0.0,0.0,0.0,0.0,0.8131495,0.0,0.0,-0.9858837,0.0,0.0,0.0,0.0,-1.200272,0.0,0.0,0.0,0.0,0.0,0.0,0.0,0.0,0.0,0.0,0.0,0.0,0.0,0.0,2.909796,0.0,0.7830085,0.0,-1.037813,-0.8002823,0.0,0.0,0.0,0.0,0.0,0.0,1.128844,0.0,0.0,0.0,0.0,1.415586,0.0,0.0,0.0,0.0,0.0,0.0,0.0
cause26,-0.2706769,-0.7770776,0.0,0.0,0.0,0.0,0.0,0.0,0.0,0.0,0.0,0.0,0.0,0.0,0.0,0.0,0.0,0.0,0.0,4.356626,3.657547,0.0,0.0,0.0,0.0,0.0,0.0,0.0,0.0,0.0,0.0,0.0,0.0,0.0,0.0,0.0,0.0,-0.2813509,0.0,0.0,0.0,0.0,0.0,0.0,0.0,0.6643094,0.0,0.0,0.0,0.0,0.0,0.0,0.0,-0.441091,0.0,0.0,0.0,2.697523,0.0,0.0,0.0,0.0,0.0,0.0,0.0,13.90598,0.0,0.0,0.0,1.124215,1.425606,0.0,0.0,0.0,0.0,5.078631,0.0,0.0,0.0,0.0,0.0,0.0,0.0,0.0,0.0,0.0,0.0,0.0,1.819055,0.0,0.0,0.0,1.356979,4.081084,0.0,0.0,0.0,0.0,1.051655,0.0,0.8077644,1.161111,0.9791903,0.7384465,0.0,0.0,0.0,0.0,0.0,0.0,0.0,0.0,0.0,0.0,0.0,0.0,0.0,0.0,0.0,0.0,0.0,294.872,0.0,0.0,0.0,0.0,0.0,0.0,0.0,0.0,0.0,0.0,0.0,0.0,0.0,0.0,0.0,0.0,0.0,-0.3366889,-0.6529285,0.0,0.0,0.0,0.0,0.0,0.0,0.0,0.0,0.0,0.0,0.0,0.0,0.0,0.0,0.0,0.0,0.0,0.0,0.0,0.0,0.0,0.0,0.0,0.0,0.0,0.0,0.0,0.0,-0.4073891,0.0,0.0,0.0,0.0,0.0,0.0,0.0,0.0,2.149152,0.0,0.0,0.0,0.0,0.0,0.0,0.0,0.0,0.0,0.0,0.0,0.0,0.0,0.0,0.0,0.0,0.0,-0.8700567,0.0,1.479603,-0.4695,0.0,0.0,0.0,-0.7297706,0.0,0.0,0.0,5.777453,0.0,0.0,-0.508639,0.0,0.0,0.0,0.0,12.00047,0.0,0.0,0.0,0.0,0.0,0.0,0.0,-0.7648827,0.0,-0.5611724,0.0,0.0,0.0,0.0,0.0,0.0,0.0,-0.7246437,0.0,0.0,0.0,0.0,0.0,0.0,0.0,0.0,0.0,2.493487,0.0,0.0,0.0,0.0,0.0,0.0,0.0,0.0,0.0,0.0,0.0,0.0,0.0,0.0,0.0,0.0,0.0,0.0,0.0,0.0,0.0,0.0,0.0,3.321233,0.0,0.0,0.0,0.0,0.0,0.0,0.0,0.0,-0.9081143,0.0,0.0,0.0,0.0,0.0,0.0,0.0,0.0,0.0,0.0,0.0,-0.5152727,0.0,0.0,0.0,0.0,0.0,0.0,0.0,0.0,0.0,0.0,0.9403381,0.0,0.0,1.119307,1.56837,0.0,0.0,0.0,0.0,0.0,0.0,0.0,0.0,0.0,0.5892043,0.0,0.0,0.0,0.0,0.0,0.0,0.0,0.0,0.0,0.0,0.0,0.0,0.0,0.0,0.0,0.0,0.0,0.0,0.0,0.0,1.81217,2.445301,1.48577,0.0,0.0,0.0,0.0
cause27,0.717353,1.367217,0.0,-1.013827,0.0,0.0,0.0,0.0,0.0,0.0,0.0,0.0,0.0,0.0,0.0,0.0,0.0,0.0,0.0,-0.4190154,0.0,-0.7013853,0.0,0.0,0.0,0.0,0.0,0.0,0.0,0.0,0.0,0.0,0.0,0.0,0.0,1.663763,2.410642,-0.2813509,0.0,-0.7619719,0.0,0.0,0.0,0.0,3.902553,0.0,0.0,0.0,0.0,0.0,0.0,0.0,0.0,0.0,0.0,0.0,0.0,0.0,0.0,0.0,0.0,0.0,0.0,0.0,0.0,14.77004,0.0,0.0,0.0,0.0,1.494014,1.028714,0.0,0.0,0.0,3.359306,0.0,0.0,1.828479,1.782698,2.213429,4.481217,1.340128,1.48255,0.0,1.085453,1.342844,0.0,0.0,1.298837,0.0,0.0,0.0,0.0,0.0,1.003915,1.447058,0.0,1.774924,0.0,0.0,0.0,0.0,0.0,0.0,0.0,0.0,-0.4901028,-1.291608,1.098498,0.6720088,0.0,0.0,0.0,0.0,-1.068766,0.0,0.0,0.0,0.0,0.0,0.0,0.0,3.913692,7.897585,0.0,0.0,7.811758,0.0,0.0,0.0,0.0,0.0,0.0,0.0,0.0,0.0,0.0,0.0,-0.3366889,-0.6529285,0.0,0.0,0.0,0.0,0.0,0.0,0.0,0.0,0.0,0.0,0.0,3.139316,0.0,0.0,0.0,0.0,0.0,0.0,0.0,3.951157,0.0,0.0,0.0,0.0,0.0,0.0,0.0,0.0,0.0,0.0,0.0,17.06653,0.0,0.0,0.0,0.0,0.0,-0.312384,0.0,3.822155,0.0,0.0,0.0,0.0,0.0,0.0,0.0,0.0,0.0,0.0,2.771443,0.0,0.0,0.0,2.564855,0.0,0.0,0.0,0.0,0.0,0.0,0.0,0.0,0.0,0.0,0.0,11.10571,0.0,0.0,0.0,0.0,0.0,0.0,0.0,14.71763,0.0,0.0,0.0,0.0,0.0,0.0,0.0,-0.7648827,0.0,0.0,0.0,0.0,2.06165,0.0,0.0,0.0,0.0,0.0,0.0,0.0,0.0,0.0,0.0,0.0,0.0,0.0,0.0,-0.506513,0.0,0.0,0.0,0.0,0.0,0.0,0.0,0.0,0.0,0.0,0.0,0.0,0.0,0.0,0.0,0.0,0.0,-0.7808088,0.0,0.0,0.0,0.0,0.0,0.0,0.0,0.0,0.0,0.0,0.0,0.0,0.0,0.0,0.0,0.0,0.0,0.0,0.0,0.0,0.0,0.0,0.0,0.0,0.0,-0.9412109,0.6508404,0.0,0.0,0.0,0.0,0.0,0.0,0.0,0.7828816,0.0,0.0,0.0,0.0,0.0,0.0,0.0,0.0,0.0,0.0,0.0,1.035861,1.928239,0.8205904,0.0,0.8755831,0.4623989,0.9794785,1.022859,0.0,0.0,1.596273,0.7812067,0.0,2.180616,0.0,1.532745,1.769232,0.0,2.205234,0.0,1.133299,0.0,0.0,0.0,0.0,0.0,0.0,0.0,0.0,0.0,-0.9298972,0.0,0.0
cause28,0.0,0.0,0.0,0.0,0.0,0.0,-0.4929322,0.0,0.0,0.0,0.0,0.0,0.0,0.0,0.0,0.0,0.0,0.0,0.0,0.0,0.0,0.0,0.0,0.0,0.0,0.0,0.0,0.0,0.0,0.0,0.0,0.0,0.0,0.0,0.0,-1.005912,0.0,0.0,0.0,-0.8304312,-0.7691696,0.0,0.0,0.0,0.0,0.7831974,0.0,0.0,0.0,0.0,0.0,0.0,0.0,-0.7129245,-0.5663776,0.0,0.0,2.264251,0.0,0.0,0.0,0.0,0.0,2.95818,2.220298,15.36752,0.0,0.0,0.0,1.291352,2.029877,0.0,0.0,1.640414,0.0,21.64668,7.355326,8.21286,0.6193183,1.091194,0.8104157,2.871524,0.0,0.0,0.0,0.7066043,1.490741,1.48098,1.504302,0.0,0.0,0.0,0.0,0.0,2.483932,1.037701,1.686677,1.219263,1.986613,0.0,0.694482,1.161111,0.0,0.9985063,0.0,4.58661,5.136692,0.0,0.0,0.0,0.0,0.0,4.03729,0.0,0.0,0.0,0.0,0.0,0.0,0.0,0.0,0.0,0.0,0.0,0.0,217.949,0.0,0.0,0.0,0.0,0.0,0.0,3.349303,0.0,0.0,0.0,0.0,0.0,-0.7355098,-0.3366889,0.0,0.0,0.0,0.0,0.0,0.0,0.0,0.0,0.0,0.0,0.0,0.0,0.0,0.0,0.0,0.0,0.0,0.0,0.0,0.0,0.0,0.0,0.0,0.0,0.0,0.0,0.0,0.0,0.0,0.0,0.0,0.0,23.19297,0.0,0.0,0.0,0.0,0.0,0.0,0.0,2.487954,0.0,0.0,0.0,-0.5584235,-0.822988,0.0,0.0,0.0,0.0,0.0,0.0,0.0,0.0,0.0,0.0,0.0,0.0,-0.656487,-0.4695,0.0,0.0,0.0,0.0,0.0,0.0,0.0,10.71015,-0.9447764,0.0,0.0,0.0,0.0,0.0,0.0,26.00109,0.0,0.0,0.0,0.0,0.0,0.0,0.0,0.0,0.0,-0.5611724,0.0,0.0,0.0,0.0,0.0,0.0,0.0,0.0,0.0,0.0,0.0,0.0,0.0,0.0,0.0,0.0,0.0,0.0,0.0,0.0,0.0,0.0,0.0,0.0,0.0,0.0,0.0,0.0,0.0,0.0,0.0,0.0,-0.6339667,0.0,0.0,-0.7808088,0.0,0.0,0.0,0.0,0.0,0.0,0.0,0.0,0.0,0.0,0.0,0.0,0.0,0.0,0.0,0.0,0.0,0.0,0.0,0.0,0.0,0.0,0.0,0.0,0.0,0.0,0.0,2.191686,0.0,0.0,1.616481,0.0,0.0,-0.8460704,0.0,0.0,0.0,0.750801,0.9805205,0.0,0.9408342,0.0,0.0,0.0,0.9190685,1.613546,0.9913443,0.0,0.6410165,0.0,0.7908916,0.5892043,0.9859096,1.742885,0.0,0.0,0.0,0.0,0.0,0.0,0.0,0.0,1.113887,1.073227,1.456262,0.0,0.774697,0.0,1.593109,0.838358,0.0,1.075418,1.026371,1.650901,0.0,0.0,0.0,1.502942,0.0
cause29,0.0,0.0,0.0,0.0,0.0,0.0,0.0,0.0,0.0,0.0,0.0,0.0,0.0,0.0,0.0,0.0,0.0,0.0,0.0,0.0,0.0,0.0,0.0,0.0,0.0,0.0,0.0,0.0,0.0,0.0,0.0,0.0,0.0,0.0,0.0,0.0,0.0,0.0,0.0,0.0,0.0,0.0,0.0,0.0,0.0,0.0,0.0,0.0,0.0,0.0,0.0,0.0,0.0,0.0,0.0,0.0,0.0,0.0,0.0,0.0,-0.8510261,0.0,0.0,-0.6695349,0.0,-0.465812,0.0,0.0,0.0,0.0,0.0,0.0,0.0,0.0,0.0,0.0,0.0,0.0,0.0,0.0,0.0,-0.5410253,0.0,0.0,0.0,0.0,0.0,0.0,-0.5762172,0.0,0.0,0.0,0.0,0.0,0.0,0.0,0.0,0.0,0.0,0.0,0.0,0.0,0.0,0.0,0.0,0.0,-0.6730025,0.0,0.0,0.0,-0.3878219,0.0,0.0,0.0,0.0,0.0,0.0,0.0,0.0,0.0,0.0,0.0,0.0,0.0,0.0,0.0,42.12169,0.0,0.0,0.0,0.0,0.0,0.0,0.0,0.0,0.0,0.0,0.0,0.0,0.0,0.0,0.0,0.0,0.0,0.0,0.0,0.0,0.0,0.0,0.0,0.0,0.0,0.0,0.0,0.0,0.0,0.0,0.0,0.0,0.0,0.0,0.0,0.0,0.0,0.0,0.0,0.0,0.0,0.0,0.0,0.0,0.0,0.0,0.0,0.0,0.0,0.0,0.0,-0.312384,0.0,0.0,0.0,0.0,0.0,0.0,0.0,0.0,0.0,0.0,0.0,0.0,0.0,0.0,0.0,0.0,0.0,0.0,0.0,0.0,0.0,0.0,0.0,0.0,0.0,0.0,0.0,0.0,0.0,0.0,0.0,0.0,0.0,0.0,0.0,0.0,0.0,0.0,0.0,0.0,0.0,0.0,0.0,0.0,0.0,0.0,0.0,0.0,0.0,0.0,0.0,0.0,0.0,0.0,0.0,0.0,0.0,0.0,0.0,0.0,0.0,0.0,0.0,0.0,0.0,0.0,0.0,0.0,0.0,0.0,0.0,0.0,0.0,0.0,0.0,0.0,0.0,0.0,0.0,0.0,0.0,0.0,0.0,0.0,0.0,0.0,0.0,0.0,0.0,0.0,0.0,0.0,0.0,0.0,0.0,0.0,0.0,0.0,0.0,0.0,0.0,0.0,0.0,0.0,0.0,0.0,0.0,0.0,0.0,0.0,0.0,0.0,0.0,0.0,0.0,0.0,0.0,0.0,0.0,0.0,0.0,0.0,0.0,0.0,0.0,0.0,0.0,0.0,0.0,0.0,0.0,-0.3725103,0.0,0.0,-0.5376011,-0.8614749,-0.8254354,0.0,-0.9017635,0.0,-0.8103527,0.0,0.0,0.0,0.0,0.0,-0.9990757,0.0,0.0,0.0,0.0,-0.6890895,0.0,0.0,0.0,0.0,0.0,0.0,0.0,0.0,0.0,0.0
cause30,0.0,0.0,0.0,0.0,0.0,0.5958546,0.0,0.0,0.0,0.0,0.0,0.0,0.0,0.0,0.0,0.0,0.0,0.0,3.090543,0.8654673,0.0,0.0,0.0,0.0,0.0,0.0,0.0,0.0,0.0,0.0,0.0,0.0,0.0,0.0,0.0,-0.4808702,0.0,0.0,0.0,-0.5852052,-0.656198,0.0,0.0,0.0,0.0,0.7391266,0.0,0.0,0.0,0.0,0.0,0.0,0.0,0.0,0.0,0.0,0.0,0.8355721,0.0,0.0,0.0,0.0,1.121036,0.9101989,0.801081,13.21091,0.0,0.0,0.0,0.6379336,0.6832891,0.0,0.0,0.0,0.0,6.129437,0.0,0.0,0.0,0.0,0.0,0.0,0.0,0.0,0.0,0.0,0.0,0.0,0.676718,0.0,0.0,0.0,0.0,0.0,0.0,1.210817,1.710763,1.459598,2.048406,0.0,0.8824721,1.855652,0.9696468,0.6868827,0.0,4.074533,6.271919,-0.2680795,0.0,0.5129071,0.0,0.0,3.343564,0.0,0.0,0.0,0.0,0.0,0.0,0.0,0.0,0.0,1.343912,4.299184,1.156197,0.0,0.0,5.948523,0.0,0.0,0.0,0.0,3.182683,0.0,0.0,0.0,0.0,1.975603,0.0,0.0,0.0,0.0,0.0,0.0,0.0,0.0,0.0,0.0,0.8197396,0.0,0.0,0.0,0.0,1.770963,0.0,0.0,0.0,0.0,0.0,0.0,0.0,0.0,0.0,0.0,0.0,1.901224,0.0,0.0,0.0,0.0,0.0,1.573683,14.72884,0.0,0.0,0.0,2.040857,0.0,0.0,0.0,2.702533,0.0,0.8277532,0.0,-0.4320787,0.0,4.616279,0.0,0.0,0.0,0.0,0.0,0.0,0.0,0.0,0.0,0.0,0.0,0.0,0.0,1.565688,0.0,0.0,0.0,0.0,0.0,0.0,13.15525,0.0,0.0,0.0,0.0,0.0,0.0,0.0,14.12122,0.0,0.0,0.0,0.0,0.0,0.0,0.0,-0.6270861,0.0,0.0,0.0,0.0,0.0,0.0,0.0,0.0,0.0,0.0,0.0,0.0,0.0,0.0,0.0,-0.8974654,0.0,0.0,0.0,0.0,0.0,0.0,0.0,0.0,0.0,0.0,1.077037,0.0,-0.5869576,0.0,0.0,0.0,0.0,0.0,0.0,0.0,0.0,0.0,0.0,0.0,0.0,0.0,0.0,0.0,0.0,0.0,0.0,0.0,0.0,0.0,0.0,0.0,0.0,0.0,0.0,0.0,1.365886,0.0,0.0,0.0,0.0,0.0,0.0,0.0,0.0,0.0,0.0,0.8277164,1.056952,0.5877187,0.0,-0.6077096,0.0,0.0,0.0,0.0,0.0,0.0,0.0,0.0,0.0,0.0,0.0,0.0,0.0,0.0,0.5939405,0.0,0.6578768,0.4759639,0.0,0.0,0.0,0.0,0.5400199,0.0,0.0,0.0,0.0,0.0,0.0,0.0,0.0,0.0,0.0,0.0,0.0,0.0,0.0,1.223386,0.975257,1.356426,1.233511,1.556828,0.0,0.0,0.0
cause31,0.0,2.095062,0.0,0.0,0.0,0.0,0.0,0.0,0.0,0.0,0.0,0.0,0.0,0.0,0.0,0.0,0.0,0.0,0.0,0.0,0.0,0.0,0.0,0.0,0.0,0.0,0.0,0.0,0.0,0.0,0.0,0.0,0.0,0.0,0.0,-0.7781416,-1.097765,1.659826,0.0,0.0,0.0,0.0,0.0,0.0,-1.036891,0.0,0.0,0.0,0.0,0.0,0.0,0.0,0.0,0.4620593,-0.5663776,0.0,0.0,0.0,0.0,0.0,0.0,0.0,0.0,0.0,0.0,0.0,0.0,0.0,0.0,0.0,0.0,1.311451,0.0,0.0,0.0,0.0,0.0,0.0,0.0,0.5380819,0.0,1.322972,0.6486269,0.0,0.0,1.002166,0.0,0.0,0.0,0.0,0.0,0.0,0.6994476,0.0,0.0,0.0,0.0,0.0,0.0,0.0,0.0,0.0,0.0,0.0,0.0,0.0,0.0,0.0,0.0,0.0,0.0,4.774551,0.0,0.0,0.0,0.0,0.0,0.0,0.0,0.0,0.0,0.0,0.0,0.0,0.0,0.0,0.0,0.0,0.0,0.0,0.0,0.0,0.0,0.0,0.0,0.0,0.0,0.0,0.939469,2.290727,1.903442,0.0,0.0,0.0,0.0,0.0,0.0,0.0,0.0,0.0,0.0,0.0,0.0,0.0,0.0,0.0,0.0,0.0,0.0,0.0,0.0,0.0,0.0,0.0,0.0,0.0,0.0,0.0,0.0,0.0,0.0,0.0,0.0,0.0,0.0,0.0,0.0,0.0,0.0,0.0,0.0,0.0,0.0,0.0,0.0,0.0,0.0,0.0,0.0,0.0,0.0,0.0,0.0,0.0,0.0,0.0,0.0,0.0,0.0,0.0,0.0,0.0,0.0,0.0,0.0,1.755501,0.0,0.0,3.761034,0.0,0.0,0.0,0.0,0.0,0.0,0.0,1.290823,0.0,0.0,2.531602,0.0,0.0,0.0,0.0,3.262834,0.0,0.0,0.0,1.29186,0.0,0.0,0.0,0.0,0.0,0.0,0.0,0.0,0.0,0.0,-0.8404762,0.0,0.0,0.0,0.0,1.3234,0.0,0.0,2.791701,0.0,0.0,1.877609,1.829999,0.0,0.0,0.0,0.0,0.0,0.0,0.0,0.0,0.0,0.0,0.0,0.0,7.94311,0.0,0.0,0.0,0.0,0.0,0.0,0.9984496,0.0,0.0,0.0,0.0,0.0,1.848277,0.0,0.0,0.0,0.0,0.0,0.0,0.0,0.0,0.0,0.0,0.5723753,0.0,0.0,0.0,0.0,0.3621816,0.0,0.0,0.0,0.0,0.0,0.0,0.0,0.0,0.0,0.0,0.0,0.0,0.0,0.0,0.0,0.0,0.0,0.0,0.0,0.0,0.6103109,0.612574,0.0,0.0,0.0,0.0,0.0,0.0,0.0,0.9085594,0.5512053,0.0,0.0,0.0,0.9367254,1.988314,0.0,0.0,0.0,0.0,0.0,0.0,0.0,0.0,0.0,0.0,0.0
cause32,0.3876647,0.0,0.0,0.0,0.0,0.0,0.0,0.0,0.0,0.0,0.0,0.0,0.0,0.0,0.0,0.0,0.0,0.0,0.0,0.0,0.0,0.0,0.0,0.0,0.0,0.0,0.0,0.0,0.0,0.0,0.0,0.0,0.0,0.0,0.0,0.7075677,0.6934493,0.0,4.594378,0.0,-0.6112815,0.0,0.0,0.0,0.0,-0.491623,0.0,0.0,0.0,0.0,0.0,0.0,0.0,0.0,0.0,0.0,0.0,0.0,0.0,0.0,0.0,0.0,0.0,0.0,0.0,0.0,0.0,0.0,0.0,1.027558,0.7922128,0.0,0.0,0.0,0.0,0.0,0.0,0.0,0.0,0.0,0.0,0.0,0.0,0.0,0.0,0.0,0.0,0.6766586,1.297627,0.4631343,1.652557,0.0,0.8903833,1.503518,1.284645,0.0,0.0,0.0,0.0,0.0,1.935811,1.418094,1.71468,1.282065,1.172302,1.933622,0.0,-0.3112601,0.0,0.0,0.7196476,0.0,0.0,0.0,0.0,0.0,0.0,0.0,0.0,0.0,0.0,0.0,1.967107,0.0,0.0,0.0,0.0,0.0,0.0,3.94947,0.0,0.0,0.0,0.0,0.0,0.0,5.638846,0.0,1.736214,0.0,0.0,0.0,0.0,0.0,0.0,0.0,0.0,0.0,0.0,0.0,0.0,0.0,0.0,3.215672,0.0,3.001312,1.333195,3.00129,0.0,0.0,0.0,0.0,0.0,4.145636,6.180689,0.0,2.15098,0.0,0.0,0.0,0.0,3.431324,0.0,0.0,0.0,0.0,0.0,0.0,0.0,0.0,0.0,3.187434,3.160118,0.0,0.0,0.0,0.0,0.0,0.0,0.0,1.421385,0.0,0.0,0.0,0.0,0.0,0.0,0.0,0.0,0.0,0.0,0.0,6.682335,0.0,0.0,0.0,0.0,0.0,0.0,0.0,2.045562,0.0,0.0,0.0,0.0,0.0,0.0,1.79745,0.0,0.0,0.0,0.0,0.0,0.0,0.0,0.0,0.0,0.0,0.0,0.0,0.0,0.0,0.0,0.0,1.526308,0.0,0.0,0.0,0.0,1.614055,0.0,0.0,0.0,0.0,0.88145,0.0,0.0,0.0,0.0,0.0,0.0,0.0,-0.6885154,0.0,0.0,0.0,0.0,0.0,0.0,0.0,0.0,0.0,0.0,0.0,0.0,0.0,0.0,0.0,0.0,6.874867,0.0,0.0,0.0,0.0,0.0,0.0,0.0,0.0,0.0,0.0,0.0,0.0,0.0,0.0,0.0,0.0,0.0,-0.7334672,0.0,0.0,0.0,0.0,0.0,0.0,0.0,0.0,1.292084,0.0,1.417141,0.3797192,0.0,0.0,0.0,0.0,0.0,0.0,0.5033278,0.0,0.0,0.0,0.0,0.0,0.0,0.0,0.0,0.0,0.0,0.0,0.0,0.0,0.0,0.0,0.0,0.0,0.0,0.0,0.0,0.0,0.0,0.0,0.0,0.4557023,0.0,0.8339539,-0.4290353,0.0,0.0,0.0,0.0,0.0,0.0
cause33,-0.3175435,0.0,1.693497,0.0,0.9302624,0.0,0.0,0.0,0.0,0.0,0.0,0.0,0.0,0.0,0.0,0.0,0.0,0.0,0.0,0.0,0.0,0.0,0.0,0.0,1.876429,0.0,0.0,0.0,0.0,0.0,0.0,0.0,0.0,2.78327,0.0,0.0,0.0,0.0,0.0,0.0,0.0,0.0,0.0,0.0,0.0,0.0,0.0,0.0,0.0,0.0,0.0,0.0,0.0,0.6220108,0.0,0.0,0.0,1.070692,0.0,0.0,0.0,0.0,1.051846,0.0,0.0,0.0,1.655388,1.1243,0.0,0.9993393,0.0,0.0,0.0,0.0,0.0,0.0,0.0,0.0,0.0,0.0,0.0,0.0,0.0,0.0,0.0,0.0,0.0,0.7006956,0.6079134,0.0,0.8984214,0.0,0.0,0.0,0.0,0.0,0.0,0.0,0.5338134,0.0,0.0,0.5291632,0.0,0.3664026,0.5842371,0.0,0.0,0.3617488,0.0,0.0,-0.4648473,0.0,2.195179,0.8563222,0.0,1.19927,1.752269,0.0,0.0,0.0,0.0,0.0,1.408542,0.0,0.0,0.0,0.0,0.0,0.0,0.0,1.162389,0.0,0.0,0.0,0.0,0.0,0.0,0.0,0.8335989,0.0,0.0,0.0,0.0,0.0,0.0,0.0,0.0,0.0,0.0,1.389079,0.0,1.254503,0.0,0.0,0.0,1.019056,0.8921124,0.0,0.0,1.415754,0.0,4.5628,0.0,0.0,0.0,0.0,0.0,1.142897,0.0,0.0,0.0,0.0,0.0,0.0,0.0,30.418,0.0,0.0,1.14768,0.0,0.0,0.0,0.0,0.0,1.113491,0.8930384,0.0,0.0,0.0,0.0,1.307167,1.522819,0.0,1.306965,2.722254,0.0,3.111649,1.753878,1.215429,0.0,0.0,0.0,0.0,3.056962,0.0,0.0,0.0,0.0,0.0,0.0,0.0,2.3218,0.0,0.0,0.0,0.0,0.0,0.0,0.0,0.9032044,0.0,0.0,0.0,0.0,0.0,0.0,2.70217,0.0,0.0,0.0,0.0,0.0,0.0,0.0,0.0,0.0,0.0,0.0,1.80765,0.0,0.0,0.0,0.0,0.0,0.7617751,0.0,0.0,0.0,0.0,0.0,0.0,0.0,0.0,2.791157,0.0,0.0,0.0,0.0,1.796377,0.0,0.0,0.0,0.0,3.432239,0.0,0.0,0.0,0.0,3.439297,0.0,0.0,0.0,0.0,0.0,0.0,1.362538,0.0,0.0,0.0,0.0,1.959354,0.0,0.0,0.0,2.355505,0.0,0.8812181,0.0,0.0,1.155291,0.0,0.0,0.0,0.0,0.0,0.0,0.0,0.0,0.0,1.027179,1.423893,0.0,1.192597,1.869968,0.5409809,0.0,0.9457623,0.0,0.0,0.0,0.0,0.0,0.0,0.0,0.0,0.0,0.0,0.0,0.0,0.0,0.0,0.0,0.0,0.0,0.0,0.0,0.0,0.0,0.0,0.0,0.6187212,0.0,0.0,0.0,0.864485,0.0,1.045421,1.739785,1.35102,0.8647041,1.0038
cause34,-0.481813,0.0,-1.31757,-1.013827,-0.8958035,0.0,-0.4929322,0.0,0.0,0.0,0.0,0.0,0.0,0.0,0.0,0.0,0.0,-0.9685989,0.0,-0.4190154,0.0,0.0,0.0,0.0,0.0,0.0,0.0,0.0,0.0,0.0,0.0,0.0,0.0,0.0,0.0,0.0,0.0,-0.2813509,0.0,0.0,0.0,0.0,0.0,0.0,0.0,-1.532228,0.0,0.0,0.0,0.0,0.0,0.0,4.878516,-0.885936,38.08392,19.18229,4.088831,-0.8212381,0.0,0.0,0.0,-0.9838275,-0.7153769,0.0,0.0,-0.465812,0.0,0.0,0.0,-1.068848,-0.7260119,0.0,-1.619846,-1.522281,-1.41415,0.0,-0.7913654,0.0,-1.02292,-0.5485303,-0.8994398,-0.5410253,-2.007422,-1.546979,-1.101468,-0.5993371,0.0,-1.17938,-0.698971,-0.6986937,-0.6210365,-1.475548,-1.590471,0.0,-0.8543267,-1.293807,-0.9149339,-1.334705,-0.9725749,0.0,-1.016852,-1.161919,-0.8180313,-0.7884583,-1.034586,0.0,0.0,0.4971353,0.0,-0.424477,-0.4408807,-0.5738814,0.0,0.0,0.0,0.0,0.0,0.0,0.0,0.0,0.0,0.0,0.0,0.0,0.0,0.0,0.0,0.0,0.0,0.0,0.0,0.0,0.0,0.0,0.0,0.0,0.0,0.0,-0.8176849,-0.3366889,-0.6529285,0.0,-0.8253597,0.0,0.0,0.0,0.0,0.0,0.0,0.0,0.0,0.0,-0.5620074,0.0,0.0,-0.5500059,0.0,6.972348,0.0,0.0,0.0,0.0,0.0,0.0,0.0,0.0,0.0,0.0,0.0,-0.4073891,0.0,-0.6708192,0.0,0.0,0.0,0.0,0.0,0.0,-0.312384,0.0,0.0,0.0,0.0,0.0,0.0,0.0,0.0,0.0,0.0,0.0,0.0,0.0,0.0,0.0,0.0,0.0,-0.8700567,0.0,0.0,0.0,0.0,0.0,0.0,0.0,0.0,-0.7207413,0.0,-0.3884382,0.0,0.0,0.0,0.0,0.0,0.0,0.0,0.0,0.0,0.0,0.0,0.0,0.0,0.0,0.0,0.0,0.0,0.0,-0.946339,0.0,0.0,0.0,0.0,0.0,0.0,-0.7246437,0.0,0.0,0.0,0.0,0.0,0.0,0.0,0.0,0.0,-0.506513,0.0,0.0,0.0,0.0,0.0,0.0,0.0,0.0,0.0,-0.8490026,0.0,0.0,0.0,0.0,0.0,0.0,0.0,2.328336,2.546547,-0.7914918,0.0,0.0,0.0,0.0,0.0,0.0,0.0,-0.8440659,0.0,0.0,0.0,-0.8895661,0.0,0.0,0.0,7.942944,0.0,0.0,0.0,0.0,0.0,0.0,0.0,-1.562753,-1.091086,-1.148134,-1.095737,0.0,-0.8300595,-0.6336784,0.0,1.245175,0.0,0.0,0.0,-1.390232,-1.172394,-0.8801039,-1.420903,-0.9434821,-1.329378,-0.7170194,-1.132171,-0.9661267,-1.093174,-1.093646,-1.011012,-1.211313,-0.7280215,-1.130158,-1.024088,-0.9064749,-0.7998621,0.0,-1.163553,-0.9678943,0.0,0.0,-1.315361,-1.610229,-1.227694,-1.159541,-0.9624134,0.0,-0.5410344,0.0,-0.9746932,-1.410809,-1.054432,-0.611245,-1.24017,-1.367817,-1.087112,0.0,0.0,-1.252744,-0.9743819
cause35,0.0,0.0,1.532537,0.0,0.0,0.7641435,0.0,0.0,0.0,0.0,0.0,2.165365,0.0,0.0,0.0,0.0,0.0,0.0,0.0,1.619542,0.0,0.0,0.0,0.0,0.0,0.0,0.0,0.0,0.0,0.0,0.0,0.0,0.0,0.0,0.0,0.0,0.0,0.0,0.0,0.0,0.0,0.0,0.0,0.0,0.0,0.0,0.0,0.0,0.0,0.0,0.0,0.0,0.0,0.0,0.0,0.0,0.0,0.0,0.0,0.0,0.0,0.0,0.0,0.0,0.0,0.0,0.0,1.3676,0.0,0.0,0.0,1.051929,0.0,1.000532,0.0,0.0,0.0,0.0,0.0,0.0,0.0,0.0,0.0,0.0,0.0,0.4575812,0.0,0.0,0.0,0.0,0.0,0.0,0.0,0.0,0.0,0.0,0.0,0.0,0.0,0.0,0.0,0.0,0.0,0.0,0.0,0.0,0.0,0.0,0.0,0.0,0.0,0.0,0.0,0.0,0.0,0.0,0.0,0.0,0.0,0.0,0.0,0.0,0.0,0.0,0.0,0.0,0.0,0.0,0.0,0.0,0.0,0.0,0.0,0.0,0.0,0.0,0.0,0.0,0.0,0.0,0.0,0.0,0.0,0.0,0.0,0.0,0.0,0.0,0.0,0.0,0.0,0.0,0.0,0.0,0.0,0.0,0.0,0.0,0.0,0.0,0.0,0.0,0.0,0.0,0.0,0.0,0.0,0.0,0.0,0.0,0.0,0.0,0.0,0.0,0.0,0.0,0.0,0.0,0.0,0.0,0.0,0.0,0.0,0.0,0.0,0.0,0.0,0.0,0.0,0.0,0.0,0.0,0.0,0.0,0.0,0.0,0.0,0.0,0.0,0.0,0.0,0.0,0.0,0.0,0.0,0.0,0.0,0.0,0.0,0.0,0.0,0.0,0.0,0.0,0.0,0.0,0.0,0.0,0.0,0.0,0.0,0.0,0.0,0.0,0.0,0.0,0.0,0.0,0.0,0.0,0.0,0.0,0.0,0.0,0.0,0.0,0.0,0.0,0.0,0.0,0.0,0.0,0.0,0.0,0.0,0.0,0.0,0.0,0.0,0.0,0.0,0.0,0.0,0.0,0.0,0.0,0.0,0.0,0.0,0.0,0.0,0.0,0.0,0.0,0.0,0.0,0.0,0.0,0.0,0.0,0.0,0.0,0.0,0.0,0.0,0.0,0.0,0.0,0.0,0.0,0.0,0.0,0.0,0.0,0.0,0.0,0.0,0.0,0.0,0.0,0.0,0.0,0.0,0.0,0.0,0.0,0.0,0.0,0.0,0.5117578,0.5587702,0.0,0.7108613,0.0,0.0,0.7647654,0.5177268,0.0,0.0,0.0,0.0,0.0,0.0,0.0,0.5921564,0.0,0.0,0.0,0.0,0.0,0.0,0.0,0.0,0.0,0.655082,0.0,1.129382,0.8080123,0.5280274,0.0,0.0,0.0,0.0,0.0,0.6212102,1.160033,0.0,0.0,0.880587,0.8932988,0.0
cause36,-0.881874,0.0,0.0,0.0,0.0,-0.8691285,0.0,0.0,0.0,0.0,0.0,0.0,0.0,0.0,0.0,0.0,0.0,0.0,0.0,7.587994,12.88429,3.728831,9.334803,6.138952,35.53508,51.58862,0.0,0.0,84.11215,46.72897,121.4953,74.7664,38.8785,38.76636,36.28972,-1.547221,-1.522207,-0.2813509,0.0,-0.6581696,0.0,0.0,0.0,0.0,-1.273805,0.0,0.0,0.0,0.0,0.0,0.0,0.0,0.0,0.5646644,0.0,0.0,0.0,0.0,0.0,0.0,0.0,0.0,0.0,0.0,0.0,0.0,-0.9121179,0.0,0.0,0.0,0.0,0.0,0.0,0.0,0.0,-1.430244,0.0,0.0,0.0,0.0,0.0,0.0,0.0,0.0,0.0,0.0,0.0,0.0,0.0,-0.5647359,0.0,0.0,0.0,0.0,0.0,-0.6519855,-0.9221242,-0.976289,-0.8269994,0.0,0.9157532,0.0,0.6739768,0.0,0.0,0.0,-0.6730025,0.8074659,1.096098,-1.124949,-0.6478071,0.0,-0.8895707,0.0,0.0,0.0,0.0,0.0,0.0,0.0,6.8459,0.0,0.0,0.0,0.0,0.0,0.0,0.0,0.0,0.0,0.0,0.0,0.0,0.0,0.0,0.0,0.0,0.0,2.134142,0.0,-0.6529285,0.0,0.0,0.0,0.0,35.84385,0.0,0.0,0.0,0.0,27.10648,0.0,0.0,0.0,0.0,0.0,0.0,0.0,0.0,0.0,0.0,0.0,0.0,0.0,0.0,0.0,0.0,0.0,0.0,-0.4073891,0.0,0.0,0.0,0.0,0.0,0.0,0.0,0.0,1.482016,0.0,0.0,0.0,0.0,11.06091,0.0,0.0,0.0,0.0,0.0,0.0,0.0,0.0,14.04676,0.0,0.0,0.0,0.0,0.0,1.813728,0.0,0.0,0.0,0.0,0.0,0.0,1.404774,0.0,0.0,0.0,0.0,-0.508639,0.0,0.0,0.0,65.421,0.0,0.0,0.0,0.0,0.0,0.0,0.0,0.0,0.0,0.0,0.0,0.0,0.0,0.0,0.0,0.0,25.41931,0.0,0.0,0.0,0.0,0.0,0.0,0.0,0.0,0.0,0.0,0.0,1.680414,0.0,0.0,0.0,0.0,0.0,0.0,0.0,0.0,0.0,0.0,0.0,0.0,0.0,0.0,0.0,0.0,0.0,0.0,0.0,0.0,3.167018,0.0,0.0,0.0,0.0,0.0,0.0,0.0,0.0,0.0,0.0,0.0,0.0,0.0,0.0,0.0,0.0,0.0,0.0,0.0,0.0,0.0,0.0,3.474441,-0.4847778,0.0,-0.8723379,-0.6880618,0.0,-0.7209266,0.0,-0.8938085,-0.7936555,0.0,-1.201536,0.0,0.0,0.0,0.0,0.0,0.0,0.0,0.0,-0.7681783,0.0,0.0,-0.5176381,0.0,-0.5034398,0.0,0.0,0.0,0.0,0.0,0.0,0.0,0.0,0.0,0.0,0.0,0.0,0.0,0.0,0.0,0.0,0.0,0.0,-0.6727576,0.0,0.0,0.0,0.0,0.0,0.0,0.0,0.0,0.0
cause37,0.175662,1.467813,0.0,0.0,0.0,0.4890656,0.8372672,0.0,0.0,0.0,0.0,0.0,0.0,0.0,0.0,0.0,0.0,0.8896968,0.0,0.0,0.0,0.0,0.0,0.0,0.0,0.0,0.0,1.304114,0.0,0.0,0.0,0.0,0.0,1.581481,0.0,0.0,0.0,0.7186491,2.182716,0.0,0.5898378,0.0,0.0,0.0,0.0,-0.2238259,0.0,0.0,0.0,0.0,0.0,0.0,0.0,0.2801066,0.0,0.0,0.0,0.0,0.0,0.0,0.0,0.0,0.0,0.0,0.0,0.0,0.0,0.0,0.0,0.0,0.0,0.7755409,0.0,0.0,0.0,0.0,0.0,0.0,1.186895,0.7048177,1.432798,1.395461,1.021642,1.150511,0.0,0.7328137,0.8740149,0.0,0.0,0.4890621,0.0,0.0,0.0,0.0,0.0,0.0,0.0,0.0,0.4456633,0.0,0.0,-0.3077948,0.0,0.0,0.0,0.0,0.0,0.0,0.0,0.0,0.4842146,0.6650072,0.0,0.0,0.0,0.0,0.0,0.0,0.0,0.0,0.0,0.0,0.0,0.0,2.462311,0.0,2.600156,0.0,0.0,0.0,0.0,0.0,0.0,0.0,0.0,0.0,0.0,0.526536,0.4907448,0.90404,0.8861837,3.291577,6.485456,0.0,0.0,0.0,0.0,0.0,0.0,0.0,0.9565317,0.7873347,0.0,0.0,0.0,0.0,0.0,0.0,0.0,0.0,0.0,0.0,0.0,0.0,0.0,0.0,0.0,0.0,0.0,1.133326,0.0,0.0,0.0,0.0,0.0,0.0,1.059314,0.0,0.0,0.0,0.0,0.0,0.0,0.0,0.0,0.0,0.0,0.0,0.0,0.0,0.0,0.7707084,0.0,0.0,0.0,0.0,0.0,0.7006136,0.0,0.0,0.0,0.0,0.0,0.0,0.0,0.0,0.0,0.7990638,0.0,0.0,0.5382835,0.0,0.0,0.0,0.0,0.0,0.6987024,1.44825,0.0,0.4612707,1.1111,0.0,0.0,0.0,1.078542,0.0,0.0,0.0,2.616052,1.0,0.0,0.9173231,0.0,0.0,1.078737,0.0,0.9659886,0.0,0.0,1.03085,0.0,0.0,0.0,0.0,0.0,0.0,0.0,0.7440037,0.0,0.0,1.137032,0.0,0.0,0.9723603,0.0,0.0,0.0,0.0,0.6572968,0.0,0.0,0.0,0.0,0.0,0.0,1.04554,0.0,0.0,0.0,0.0,0.0,0.0,0.0,0.0,0.0,0.0,0.0,0.0,1.525904,0.0,0.0,0.0,0.0,0.0,0.0,0.0,0.0,0.0,0.4984436,0.0,0.0,0.8004501,0.3964086,0.2507094,0.0,0.0,0.0,0.0,0.0,0.874,1.026764,0.78447,0.9190206,1.043355,0.6397655,0.4919964,1.05889,0.0,0.0,0.0,0.0,0.0,0.0,0.0,0.0,0.0,0.0,0.0,0.6972828,0.4984222,1.263177,0.0,0.5543225,1.106206,0.929179,0.0,0.9999916,1.285757,0.7287892,0.5451729,0.0,0.0,0.0,0.0,0.5890223,0.5599265,0.4859455,0.0,0.0,0.0,0.0
cause38,-0.4788173,0.0,0.0,0.0,0.0,0.0,0.0,0.0,0.0,0.0,0.0,0.0,0.0,0.0,0.0,0.0,0.0,0.0,0.0,0.0,0.0,0.0,0.0,0.0,0.0,0.0,0.0,0.0,0.0,0.0,0.0,0.0,0.0,0.0,0.0,0.9376394,0.0,-0.2813509,0.0,1.788727,0.0,0.0,0.0,0.0,0.0,0.0,0.0,0.0,0.0,288.8372,0.0,0.0,5.891837,-0.488855,-0.5663776,22.49319,4.301181,0.0,0.0,0.0,0.0,0.0,0.0,-0.7706007,-0.642818,-0.465812,-0.9121179,0.0,0.0,0.0,0.0,0.0,0.0,0.0,0.0,-1.430244,0.0,-0.9774915,-0.6397178,0.0,-0.628768,0.0,0.0,0.0,-0.7736219,0.0,0.0,0.0,0.0,-0.5146983,0.0,0.0,1.067118,0.0,2.448643,-0.7723309,0.0,0.0,0.0,0.0,0.0,0.0,0.0,0.0,0.0,0.0,0.0,0.6638643,0.0,0.0,-0.5531406,0.0,-0.8895707,0.9134573,0.0,1.284431,0.0,0.0,0.0,0.0,0.0,0.0,0.0,0.0,0.0,0.0,0.0,0.0,0.0,0.0,0.0,0.0,-0.8783211,0.0,0.0,0.0,0.0,0.0,0.0,-0.3366889,0.0,0.0,-0.8253597,0.0,0.0,0.0,0.0,0.0,0.0,0.0,0.0,0.0,-0.5620074,0.0,0.0,-0.5500059,0.0,0.0,0.0,0.0,-0.7032413,0.0,0.0,0.0,0.0,0.0,0.0,0.0,0.0,-0.4073891,0.0,0.0,0.0,0.0,0.0,0.0,0.0,0.0,-0.312384,0.0,0.0,0.0,0.0,0.0,0.0,-0.6355636,0.0,0.0,0.0,0.0,0.0,0.0,0.0,0.0,0.0,0.0,0.0,0.0,0.0,0.0,0.0,0.0,0.0,-0.7297706,0.0,0.0,0.0,-0.3884382,-0.9447764,0.0,0.0,0.0,0.0,0.0,0.0,0.0,0.0,0.0,0.0,0.0,0.0,0.0,0.0,0.0,0.0,0.0,0.0,0.0,0.0,0.0,0.0,0.0,0.0,0.0,-0.4857948,0.0,0.0,0.0,0.0,0.0,0.0,0.0,0.0,-0.506513,-0.473975,0.0,0.0,0.0,0.0,0.0,0.0,0.0,0.0,-0.9267651,0.0,0.0,0.0,0.0,-0.6339667,0.0,0.0,0.0,0.0,0.0,0.0,0.0,0.0,0.0,0.0,0.0,0.0,0.0,0.0,0.0,0.0,0.0,-0.9081143,0.0,0.0,0.0,0.0,0.0,0.0,0.0,0.0,0.0,0.0,0.0,-0.6268644,-1.115335,0.0,0.0,0.0,-0.5057054,0.0,2.012845,0.863067,0.0,0.0,-0.8966292,-0.885638,0.0,-0.9269084,0.0,-1.067502,0.0,-0.9123024,0.0,-1.038837,0.0,-0.5774159,0.0,-0.4030362,-0.8012118,-0.6327118,-0.7082327,0.0,0.0,0.0,0.0,0.0,-0.8002823,0.0,0.0,0.0,1.014455,0.0,0.0,0.0,0.0,0.0,-0.5638242,0.0,0.0,-0.6249695,0.0,0.0,0.0,0.0,0.0,0.0
cause39,0.9364008,0.0,0.0,0.0,0.0,0.0,0.0,0.0,0.0,0.0,0.0,0.0,0.0,0.0,0.0,0.0,0.0,0.0,0.0,-0.4190154,0.0,-0.7013853,0.0,0.0,0.0,0.0,0.0,0.0,0.0,0.0,0.0,0.0,0.0,0.0,0.0,0.0,0.0,-0.2813509,0.0,-0.975565,-0.7691696,0.0,0.0,0.0,0.0,1.065556,0.0,0.0,0.0,0.0,0.0,0.0,0.0,-0.660068,0.0,0.0,0.0,0.0,0.0,0.0,-0.8510261,0.0,-0.7153769,0.0,0.0,14.97169,0.0,0.0,0.0,0.0,0.0,0.0,0.0,0.0,0.0,0.0,0.0,5.422932,0.0,0.0,0.0,0.0,0.0,-1.234652,0.0,0.0,0.0,0.0,0.0,0.0,0.0,4.146391,0.0,0.0,0.0,0.0,0.0,0.0,0.0,-0.8977482,1.253814,1.926654,1.829243,0.0,0.0,0.0,-0.6730025,-0.6234317,-1.812164,0.0,1.300322,0.0,0.0,0.0,0.0,0.0,0.0,0.0,0.0,0.0,0.0,0.0,-0.8728625,0.0,0.0,0.0,0.0,0.0,0.0,0.0,0.0,0.0,-0.8783211,0.0,0.0,0.0,0.0,0.0,-0.7072995,-0.3366889,0.0,0.0,0.0,0.0,0.0,0.0,36.0023,0.0,0.0,0.0,0.0,0.0,0.0,0.0,0.0,0.0,0.0,0.0,0.0,0.0,0.0,0.0,0.0,0.0,0.0,0.0,0.0,0.0,0.0,-0.4073891,0.0,0.0,0.0,0.0,-0.6570818,0.0,0.0,0.0,-0.312384,0.0,0.0,0.0,0.0,0.0,-0.5584235,0.0,0.0,0.0,0.0,0.0,0.0,-1.268537,0.0,-0.8607944,0.0,0.0,-0.8700567,0.0,-1.035932,0.0,0.0,0.0,0.0,0.0,0.0,0.0,0.0,9.63112,-0.9447764,0.0,-0.508639,0.0,0.0,0.0,0.0,0.0,-0.7392884,0.0,0.0,0.0,0.0,0.0,0.0,-0.7648827,0.0,-0.5611724,-0.946339,0.0,0.0,0.0,0.0,0.0,0.0,0.0,0.0,0.0,0.0,0.0,0.0,-1.007808,0.0,0.0,0.0,3.556004,-0.473975,0.0,0.0,0.0,0.0,0.0,0.0,0.0,-1.09127,0.0,0.0,0.0,0.0,0.0,-0.6339667,0.0,0.0,-0.7808088,0.0,0.0,-0.5851852,0.0,0.0,0.0,0.0,0.0,0.0,0.0,0.0,0.0,0.0,-0.8895661,-0.9081143,0.0,0.0,0.0,0.0,0.0,0.0,0.0,0.0,0.0,0.0,-2.790777,0.0,0.0,0.0,0.0,0.0,-0.7621493,0.0,-1.0222,0.0,0.0,0.0,0.0,0.0,0.0,0.0,0.0,0.0,0.0,0.0,0.0,0.0,0.0,0.5747067,0.0,0.6194503,0.6764858,0.0,0.0,-0.7998621,0.0,0.0,0.0,0.0,0.0,0.0,0.0,0.0,0.0,0.0,0.0,0.0,0.0,0.0,0.0,0.0,0.0,0.0,0.0,0.0,0.0,0.0,0.0,0.0
cause40,0.0,0.8620705,0.0,0.0,0.0,0.0,0.0,0.0,0.0,0.0,0.0,0.0,0.0,0.0,0.0,0.0,0.0,0.0,0.0,0.0,0.0,0.0,1.39027,0.0,0.0,0.0,0.0,0.0,0.0,0.0,0.0,0.0,0.0,0.0,0.0,0.5116668,0.0,0.0,1.0,0.0,0.0,0.0,0.0,0.0,0.0,0.0,0.0,0.0,0.0,0.0,0.0,0.0,0.0,0.4838978,0.0,0.0,0.0,1.045672,1.378698,0.0,0.0,0.0,0.9605092,0.0,0.0,0.0,0.0,0.0,0.0,0.5601285,0.6891502,0.0,2.285418,2.694646,1.771927,0.0,1.001792,0.0,0.0,0.0,0.0,0.921496,0.7887541,0.9219397,0.0,0.0,0.0,0.9274961,0.8649594,0.0,0.9266271,2.486612,0.7727289,1.045129,0.0,0.286248,0.0,0.0,0.4867842,0.0,0.552879,0.5605545,0.3960145,0.7831442,1.107495,0.0,0.0,0.0,0.0,0.0,0.0,0.6273068,0.0,0.0,0.0,0.0,0.5781999,1.801834,0.0,0.0,0.0,0.0,0.0,0.0,0.0,0.0,1.875039,0.0,0.9555119,0.0,0.0,0.0,0.0,21.635,0.0,0.0,2.250078,0.0,0.0,0.0,0.0,0.0,0.0,0.0,0.0,0.0,1.730847,0.0,0.6630828,0.0,0.0,8.563897,0.0,0.0,0.0,2.071641,0.0,0.0,0.0,0.0,0.0,0.0,0.0,0.0,0.0,3.251508,0.8949353,0.731797,0.0,0.5926109,0.0,0.0,0.0,0.0,1.530712,0.0,0.0,1.97988,0.687616,0.0,0.0,0.0,0.6832132,0.0,0.0,1.889234,0.0,0.0,0.0,0.0,0.7247093,0.0,0.0,0.0,0.0,0.0,0.0,0.4086647,0.6996492,0.0,0.0,0.0,0.0,0.0,0.0,1.148334,0.0,0.0,0.0,0.0,0.0,2.0306,0.0,0.0,0.0,0.0,0.0,5.5784,0.0,0.4396132,0.0,0.4975641,0.0,0.0,0.0,0.0,1.360275,0.0,0.0,0.0,0.0,0.0,0.0,0.0,0.0,14.96213,0.0,0.0,0.0,0.0,0.0,1.459187,0.0,1.087224,1.5693,0.0,4.781212,0.6703717,0.0,0.0,4.525063,0.0,0.0,0.9010772,0.0,1.893054,0.0,0.0,0.0,0.0,0.0,0.0,0.0,0.0,1.152002,0.91022,0.0,0.0,0.0,0.0,0.0,2.108594,0.0,0.0,0.0,0.0,0.0,0.0,0.0,0.0,0.0,0.0,0.0,0.0,0.6630201,0.0,7.115689,-0.5407776,1.116199,0.0,0.0,0.0,0.0,0.0,0.0,0.0,0.0,0.7057632,0.0,0.419111,0.5652406,0.7815332,0.0,0.0,0.3649136,0.9124112,0.0,0.9431704,0.0,0.0,0.2100024,0.0,0.2239663,0.2973563,1.083903,0.8342809,1.311141,0.0,0.3799318,0.4269034,0.0,1.165626,0.0,0.7138094,0.6843638,0.0,0.0,0.0,0.0,0.6323553,0.6336306,0.8065125,0.5578362,0.8025753,0.0,0.0,0.0,0.0,0.0,0.0,0.0
cause41,-0.3507406,0.0,0.0,0.0,0.0,0.0,0.0,0.0,0.0,0.0,0.0,0.0,0.0,0.0,0.0,0.0,0.0,0.0,0.0,0.0,0.0,-0.4306123,0.0,0.0,0.0,0.0,0.0,-0.7695887,0.0,0.0,0.0,0.0,0.0,0.0,0.0,0.0,0.6032931,0.0,0.0,0.0,0.0,0.0,0.0,0.0,0.0,-1.35796,36.53339,2.542788,0.0,0.0,0.0,0.0,2.039431,-0.9428914,3.016863,9.589671,7.280459,0.0,0.0,0.0,0.0,0.0,0.0,0.0,0.0,-0.465812,0.0,0.0,0.0,-0.8417113,-0.6070796,0.0,0.0,0.0,0.0,0.0,-0.6545936,-0.9774915,-0.8574442,-0.5174264,-0.7056468,0.0,-0.8199838,0.0,-1.066981,-0.6821606,-0.5124189,-0.9808216,-0.698971,-0.5163811,-0.6210365,0.0,-1.24336,0.0,-0.6199576,-0.7694595,-0.616892,0.0,-0.6485496,0.0,-1.10009,-1.121145,-0.9671428,-0.610775,-0.6914763,-0.5560948,0.0,0.5193245,0.0,-0.2915495,-0.3516132,-0.522538,0.0,1.400803,1.787031,2.003991,0.0,0.0,0.0,0.0,0.0,0.0,0.0,0.0,0.0,0.0,0.0,0.0,0.0,0.0,0.0,0.0,0.0,0.0,0.0,0.0,0.0,0.0,0.0,0.0,0.0,0.0,0.0,0.0,4.544523,0.0,0.0,0.0,0.0,0.0,0.0,0.0,0.0,0.0,0.0,0.0,1.313669,0.0,0.0,0.0,0.0,0.0,0.0,0.0,0.0,0.0,0.0,0.0,0.0,0.0,0.0,0.0,0.0,0.0,0.0,0.0,0.0,0.0,-0.312384,0.0,0.0,0.0,0.0,0.0,0.0,0.0,0.0,0.0,89.109,0.0,0.0,0.0,0.0,3.13759,0.0,0.0,-0.8700567,0.0,0.0,0.0,1.575072,0.0,0.0,2.791837,0.0,0.0,0.0,-0.3884382,0.0,0.0,0.0,0.0,0.0,0.0,0.0,0.0,0.0,0.0,0.0,3.471878,0.0,0.0,0.0,2.875408,0.0,0.0,0.0,0.0,0.0,4.455494,0.0,0.0,0.0,0.0,0.0,0.0,0.0,0.0,0.0,0.0,0.0,0.0,0.0,0.0,0.0,0.0,0.0,0.0,0.0,0.0,0.0,0.0,1.225605,-0.5486153,0.0,0.0,0.0,0.0,0.0,7.11116,0.0,0.0,0.0,0.0,0.0,0.0,0.0,3.894938,0.0,0.0,0.0,-0.6446981,0.0,0.0,0.0,0.0,0.0,0.0,0.0,14.31521,0.0,0.0,0.0,0.0,0.0,0.0,0.0,-1.538436,-0.4240546,-1.060242,-0.7216063,0.0,-0.5522056,-0.3472687,0.0,0.0,0.9918497,0.89876,0.5958933,-0.7251489,-0.4653446,-0.873764,-0.6106452,0.0,-0.895024,-0.4748016,-0.5144117,-0.8612729,-1.05269,0.0,-0.9349724,-1.135676,-0.6784735,-0.7502657,-0.4955887,-0.6710624,0.0,-0.81331,-0.7702436,0.0,0.0,0.0,-1.09142,-0.8442891,-0.8262641,-1.041112,-0.6308357,0.0,-0.6570863,0.0,-0.8795278,-0.905463,-0.9215993,-0.4196902,-0.7128544,0.0,-0.7626442,0.0,1.17767,-1.19071,-0.873212
cause42,-0.9197593,0.0,0.0,0.0,0.0,0.0,-0.4929322,0.0,0.0,0.0,0.0,0.0,0.0,0.0,0.0,0.0,0.0,-0.9685989,0.0,5.876759,9.242379,2.893666,6.168562,5.52134,14.4253,0.0,0.0,0.0,0.0,0.0,0.0,0.0,64.4507,72.16901,59.66197,-1.780785,-1.846037,-0.2813509,0.0,0.0,-0.7691696,0.0,0.0,0.0,-1.648762,0.0,0.0,-1.124841,0.0,0.0,0.0,0.0,0.0,0.5386155,0.0,0.0,0.0,0.0,0.0,0.0,0.0,0.0,-0.7153769,0.0,-0.642818,0.0,0.0,0.0,0.0,0.0,0.0,0.0,0.0,0.0,2.025046,0.0,0.0,0.0,-0.8991442,0.0,-0.9672722,0.0,0.0,0.0,0.0,0.0,0.0,0.0,0.0,0.0,0.0,0.0,0.0,-1.086499,0.0,0.0,0.0,0.0,0.0,0.0,1.133252,0.0,1.174093,0.0,0.0,0.0,-0.6730025,1.400288,-1.297063,-1.057204,-0.7819456,-0.6252053,-0.8895707,0.0,0.0,0.0,3.936111,0.0,0.0,0.0,0.0,0.0,-0.8728625,0.0,0.0,0.0,0.0,0.0,0.0,0.0,0.0,0.0,0.0,0.0,0.0,0.0,0.0,0.0,0.0,-0.3366889,0.0,0.0,-0.8253597,0.0,0.0,23.5647,0.0,0.0,0.0,0.0,0.0,0.0,0.0,0.0,0.0,4.016698,0.0,0.0,0.0,0.0,0.0,0.0,0.0,0.0,0.0,0.0,0.0,0.0,0.0,0.0,0.0,-0.6708192,0.0,0.0,0.0,0.0,0.0,0.0,-0.312384,0.0,0.0,0.0,0.0,12.29196,0.0,0.0,0.0,0.0,0.0,0.0,0.0,0.0,18.81697,0.0,0.0,0.0,0.0,0.0,0.0,0.0,0.0,0.0,0.0,0.0,0.0,0.0,0.0,0.0,0.0,0.0,0.0,0.0,0.0,0.0,0.0,0.0,0.0,0.0,0.0,0.0,0.0,0.0,0.0,0.0,0.0,0.0,-0.946339,0.0,0.0,0.0,0.0,26.27143,0.0,0.0,-0.4857948,0.0,0.0,0.0,0.0,0.0,0.0,0.0,0.0,0.0,-0.473975,0.0,0.0,0.0,0.0,0.0,0.0,0.0,0.0,0.0,0.0,0.0,0.0,0.0,-0.6339667,0.0,0.0,-0.7808088,0.0,0.0,0.0,0.0,0.0,0.0,0.0,0.0,0.0,0.0,0.0,0.0,0.0,0.0,0.0,0.0,0.0,0.0,0.0,0.0,0.0,0.0,0.0,0.0,0.0,3.533546,0.0,0.0,-0.986914,0.0,-0.6719567,-0.7621493,0.0,0.0,-1.231011,0.0,-1.265322,0.0,0.0,0.0,0.0,0.0,0.0,-0.7261729,0.0,0.0,0.0,0.0,-0.5487154,0.0,-0.490638,0.0,0.0,0.0,0.0,0.0,0.0,0.0,0.0,0.0,0.0,0.0,0.0,-0.9200562,-0.9343372,0.0,0.0,0.0,0.0,0.0,0.0,0.0,0.0,0.0,0.0,0.0,0.0,0.0,0.0
cause43,0.5042841,0.0,0.0,0.0,0.0,0.0,0.0,0.0,0.0,0.0,0.0,0.0,0.0,0.0,0.0,0.0,0.0,0.0,0.0,0.0,0.0,0.0,0.0,0.0,0.0,0.0,0.0,0.0,0.0,0.0,0.0,0.0,0.0,0.0,0.0,0.0,0.0,-0.2813509,0.0,-0.975565,0.0,0.0,0.0,0.0,0.0,0.9097553,0.0,0.0,0.0,0.0,0.0,0.0,0.0,-0.574572,-0.5663776,0.0,0.0,0.0,0.0,0.0,0.0,-0.9838275,0.0,0.0,0.0,16.38903,0.0,0.0,0.0,0.0,0.0,0.0,-1.245733,0.0,0.0,0.0,-0.7913654,0.0,0.0,0.0,0.0,0.0,0.0,0.0,0.8476055,0.0,0.0,0.0,2.666859,0.0,3.675925,0.0,1.414417,4.114423,4.490802,1.151167,1.875126,0.0,1.876026,-0.8977482,2.402853,4.683123,1.787793,1.648656,0.0,7.679204,9.072293,-0.5094571,0.0,0.0,0.0,0.0,0.0,0.0,0.0,-0.9520167,-0.8105968,0.0,0.0,0.0,0.0,0.0,-0.8728625,0.0,0.0,0.0,0.0,0.0,0.0,0.0,0.0,0.0,0.0,0.0,0.0,0.0,0.0,0.0,0.0,0.0,-0.6529285,0.0,0.0,0.0,0.0,0.0,0.0,0.0,0.0,0.0,0.0,0.0,0.0,0.0,0.0,-0.5500059,-1.140355,0.0,0.0,0.0,0.0,0.0,0.0,3.8879,0.0,0.0,0.0,0.0,0.0,-0.4073891,0.0,0.0,0.0,0.0,0.0,0.0,0.0,0.0,0.0,0.0,5.352932,0.0,0.0,0.0,-0.5584235,0.0,0.0,0.0,0.0,0.0,0.0,0.0,0.0,-0.8607944,0.0,0.0,0.0,0.0,0.0,-0.4695,0.0,0.0,0.0,-0.7297706,0.0,0.0,0.0,12.54003,-0.9447764,0.0,-0.508639,0.0,0.0,0.0,0.0,0.0,0.0,0.0,0.0,0.0,0.0,0.0,0.0,0.0,0.0,-0.5611724,0.0,0.0,0.0,0.0,0.0,0.0,0.0,0.0,0.0,0.0,0.0,0.0,0.0,0.0,0.0,0.0,0.0,-0.506513,-0.473975,0.0,0.0,0.0,0.0,0.0,0.0,0.0,0.0,0.0,0.0,0.0,0.0,0.0,0.0,0.0,0.0,-0.7808088,-0.6813813,0.0,-0.5851852,0.0,0.0,0.0,0.0,0.0,0.0,0.0,0.0,0.0,0.0,0.0,0.0,0.0,0.0,0.0,0.0,0.0,0.0,0.0,0.0,0.0,0.0,0.0,0.0,0.0,0.0,0.0,1.523633,0.7318437,0.0,-1.0222,0.0,0.0,0.0,0.0,0.0,0.0,0.0,0.0,0.0,0.0,0.0,0.0,0.0,0.0,0.9198451,0.0,0.808991,0.8777966,0.759412,0.0,0.0,0.0,0.0,0.0,0.0,0.0,0.0,0.0,0.0,0.0,0.0,0.0,0.0,0.0,0.0,0.8109642,1.229446,2.384422,0.0,0.0,0.0,0.0,0.0,0.0,0.0
cause44,0.6492506,0.0,0.661538,0.85138,0.5970537,7.317309,8.746384,1.217053,25.39683,1.656085,3.257143,3.121655,0.0,0.0,5.394798,0.0,0.0,5.688592,0.7113489,0.0,0.0,-0.5277467,0.0,0.0,0.0,0.0,0.0,-0.5063041,0.0,0.0,0.0,0.0,0.0,0.0,0.0,0.0,0.0,0.0,2.64127,0.0,0.0,0.0,0.0,0.0,0.0,-0.5517425,0.0,3.265447,0.0,0.0,0.0,0.0,0.0,0.3879291,0.0,0.9047118,0.0,0.0,0.0,0.0,0.0,0.0,0.0,0.0,0.0,0.0,0.0,0.0,0.0,-0.4802985,-0.3167109,0.0,-0.5469224,-0.5868589,-0.745048,0.0,0.0,0.0,0.0,-0.2122267,0.0,0.0,-0.3618581,0.0,-0.4530632,0.0,-0.4986549,-0.3688318,-0.5041237,0.7848887,-0.5153176,-0.7729433,0.0,0.0,0.0,-0.3729298,-0.4259258,0.0,0.0,6.644046,-0.7474406,-0.756646,-0.7137611,-0.5247014,-0.6102503,-0.3207132,0.0,-0.5598713,0.0,0.5012569,0.9668676,1.011263,1.211512,2.565019,3.597905,3.224276,-0.5049229,2.455427,0.0,0.0,0.0,0.0,0.0,0.0,0.0,0.0,0.0,0.0,0.5805689,1.317255,0.9867284,0.0,0.0,0.0,3.766441,1.716028,0.0,0.0,0.0,3.332334,7.728268,1.227318,0.0,0.0,0.0,0.0,0.0,0.0,0.0,0.0,0.0,0.0,0.0,1.994505,3.095359,0.0,-0.8701786,-0.5136162,0.0,0.0,0.0,0.0,0.0,-0.6553659,0.0,0.4307893,0.0,0.6332108,6.308831,0.9957621,0.0,0.0,0.0,0.0,-0.2754834,0.0,0.4848571,1.30733,0.0,0.0,0.0,0.0,0.0,0.0,2.745244,0.0,0.0,28.571,0.0,0.0,0.7326543,-0.9286677,0.0,0.0,0.0,0.4068486,0.0,0.0,0.4795502,0.0,0.0,0.0,0.0,6.045118,0.0,0.0,0.0,0.0,0.0,0.0,0.0,0.0,15.51967,0.0,0.0,0.0,0.0,0.0,0.0,4.729116,2.0635,0.8212936,0.0,2.381514,0.0,1.345697,0.0,0.0,0.0,5.428584,0.0,0.0,0.0,0.0,0.6992848,0.0,0.0,0.0,3.01835,0.0,0.0,0.0,1.0,0.0,0.637125,0.0,0.0,0.0,0.0,0.0,0.0,1.494671,1.747551,0.0,0.0,0.0,0.0,0.0,0.0,1.052376,0.0,1.899415,3.0128,2.408459,0.6256348,0.0,0.0,9.295469,0.0,2.21479,0.0,4.237908,0.0,0.0,8.470533,0.0,0.0,0.0,1.307859,0.8182285,0.0,9.524,0.8644194,1.760677,0.0,0.0,0.0,0.0,2.330892,0.0,0.5773721,3.418634,0.47065,0.9041667,0.0,0.0,0.8512108,1.010471,0.46262,0.0,0.0,0.0,0.0,0.6949017,-0.3510688,1.296484,0.0,0.0,0.0,0.0,-0.3385121,0.4624769,-0.3743159,-0.6634944,-0.2495754,-0.3704602,-0.3951726,0.6523176,-0.4994513,0.0,0.0,0.0,-0.6717193,0.0,0.0,0.0,0.0,0.0,0.0,0.0,-0.3179329,0.0,-0.2427624,-0.3655688,0.8175049,0.0,1.135122,1.25132,1.910274,0.0,0.0
cause45,-0.7797199,0.0,0.0,0.0,0.0,-0.8900328,-0.4929322,0.0,0.0,0.0,0.0,0.0,0.0,0.0,0.0,0.0,0.0,0.0,0.0,0.0,0.0,0.0,0.0,0.0,0.0,0.0,0.0,0.0,0.0,0.0,0.0,0.0,0.0,0.0,0.0,0.0,0.0,-0.2813509,0.0,0.0,0.0,0.0,0.0,0.0,0.0,-0.785354,0.0,0.0,0.0,0.0,0.0,0.0,24.23617,-0.8405595,0.0,33.28689,4.718098,0.0,0.0,0.0,-0.8510261,0.0,0.0,-0.7162642,-0.5141757,0.0,-0.9121179,0.0,0.0,-0.7641616,-0.5553333,0.0,0.0,-1.080183,0.0,0.0,0.0,-0.9774915,-0.9390765,-0.4401431,-0.941267,-0.5410253,-1.203865,0.0,-0.8838232,-0.6147969,-0.7063745,0.0,0.0,-0.5928292,0.0,-0.9815513,0.0,0.0,0.0,-0.8200442,-0.6279655,0.0,0.0,0.0,0.0,0.0,-0.649493,-0.518859,0.0,0.0,0.0,0.8392436,0.0,-0.853422,-0.707269,0.0,0.0,0.0,0.0,0.0,0.0,0.0,0.0,0.0,0.0,0.0,0.0,0.0,0.0,0.0,0.0,0.0,0.0,0.0,4.544698,0.0,0.0,0.0,0.0,0.0,0.0,0.0,0.0,0.0,0.0,0.0,0.0,0.0,0.0,0.0,0.0,0.0,0.0,0.0,0.0,0.0,0.0,0.0,0.0,0.0,0.0,0.0,0.0,0.0,0.0,0.0,0.0,0.0,0.0,0.0,0.0,3.701626,0.0,0.0,161.29,-0.6708192,0.0,0.0,0.0,0.0,0.0,0.0,0.0,0.0,0.0,0.0,0.0,0.0,0.0,0.0,0.0,0.0,0.0,0.0,0.0,0.0,0.0,0.0,0.0,0.0,0.0,0.0,0.0,2.7563,0.0,0.0,0.0,0.0,0.0,0.0,0.0,-0.3884382,-0.9447764,0.0,0.0,0.0,0.0,0.0,0.0,0.0,0.0,0.0,0.0,0.0,0.0,0.0,0.0,-0.7648827,0.0,0.0,0.0,0.0,0.0,0.0,0.0,0.0,0.0,2.866761,0.0,0.0,0.0,0.0,0.0,3.12148,0.0,0.0,0.0,-0.506513,-0.473975,0.0,0.0,0.0,0.0,0.0,0.0,0.0,0.0,-0.7208028,0.0,0.0,0.0,0.0,0.0,0.0,0.0,0.0,0.0,0.0,0.0,0.0,0.0,0.0,0.0,0.0,0.0,0.0,0.0,0.0,0.0,0.0,-0.9081143,0.0,0.0,3.319426,0.0,0.0,0.0,0.0,0.0,0.0,0.0,0.0,-0.7691259,0.0,0.0,0.0,-0.5584797,-0.442008,0.0,0.0,0.0,0.0,0.0,-1.3257,-1.007404,-1.067299,-1.287202,-1.140277,-1.205269,0.0,-0.9578395,0.0,-1.139726,0.0,-0.7682254,0.0,-0.5831531,-0.9614518,-0.870051,-0.7924134,0.0,0.0,-0.8513152,0.0,0.0,0.0,-0.835121,-0.9394649,-0.8199018,1.786549,-0.6190319,0.0,-0.5581154,0.0,0.0,-0.7559633,-0.7734992,-0.4864258,-0.6834906,0.0,-0.8807186,0.0,0.0,1.428405,2.324845
cause46,0.0,3.175882,0.0,0.0,0.0,0.0,0.0,0.0,0.0,0.0,0.0,0.0,0.0,0.0,0.0,0.0,0.0,0.0,0.0,0.0,0.0,0.0,0.9851657,0.0,0.0,0.0,0.0,16.49504,0.0,0.0,0.0,0.0,0.0,0.0,0.0,0.8512204,0.6998457,2.359953,0.0,0.6650774,0.0,0.0,0.0,0.0,0.0,0.508377,0.0,0.0,0.0,0.0,0.0,0.0,0.0,0.2746057,0.0,0.0,0.0,0.0,0.0,0.0,0.0,0.0,0.0,0.0,0.0,0.0,0.0,0.0,0.0,0.0,0.0,3.021945,0.0,0.0,0.0,0.0,0.0,0.0,2.025997,2.794446,3.162517,2.972205,0.4520585,-0.6987092,1.066841,1.193133,2.333546,0.0,0.0,0.0,0.0,-0.6591635,0.0,0.0,0.0,0.8194255,0.9504561,0.0,1.512359,0.0,0.0,0.0,-0.3496078,-0.3724614,0.0,0.0,0.0,0.2129335,0.0,0.0,0.0,0.0,0.0,-0.7504649,-0.7844106,-0.5540755,0.0,0.0,0.0,0.0,0.0,0.0,0.0,0.0,1.66057,0.0,0.0,0.0,4.541866,0.0,0.0,0.0,0.0,0.0,0.0,0.0,0.0,0.0,0.0,0.0,0.0,1.554659,0.0,0.0,0.0,0.0,0.0,0.0,2.2916,0.0,0.0,0.0,0.0,0.0,0.0,0.0,0.0,0.0,0.0,0.0,2.15684,0.0,0.0,0.0,0.0,0.0,0.0,0.0,0.0,0.0,0.0,0.0,0.0,0.0,0.0,0.0,0.0,0.0,0.0,0.0,0.0,0.0,0.0,0.0,-0.4522176,0.0,0.0,0.0,0.0,0.0,0.0,0.0,0.0,-0.8607944,0.0,0.0,0.0,0.0,0.0,0.0,0.0,0.0,0.0,-0.600907,0.0,0.8688456,0.0,-0.3884382,0.0,0.0,1.15559,0.0,0.0,0.0,0.0,0.0,2.386784,0.0,0.0,0.0,0.0,0.0,0.0,0.0,0.0,0.0,0.0,0.0,2.575583,0.0,0.0,0.0,0.0,0.0,0.0,0.0,0.0,0.0,0.0,0.0,0.0,0.0,0.0,0.0,0.0,0.0,0.0,0.0,0.0,0.0,0.0,0.0,0.0,0.440223,0.0,0.0,0.0,0.0,0.0,0.0,0.0,0.0,0.0,0.0,0.0,1.15826,0.0,0.0,0.0,0.0,7.033417,-0.5522331,0.0,0.0,0.0,0.0,0.0,0.0,0.0,0.0,0.0,0.0,0.0,0.0,0.0,0.0,0.0,0.0,-0.349761,0.0,0.0,0.0,-0.3826743,-0.2827106,0.0,0.7198906,0.7310182,0.0,1.072945,0.8981043,1.048775,0.0,1.004205,0.0,1.039379,0.9793746,0.875874,0.0,0.0,0.0,0.7753322,0.0,0.822063,0.6764858,0.0,0.0,0.0,0.0,0.7025008,0.0,1.430991,0.8159584,0.5608336,0.0,0.0,0.0,0.6825861,1.145311,1.295653,0.0,0.0,0.0,0.3938049,0.0,0.0,0.0,0.0,0.0,0.0,0.0,0.0
